id,domain,status,purchase_price,renewal_price,attractiveness,demand,length,registrar,created_at,expires_at,status_verified_at
9e67f91a-79a0-47a4-81aa-6ca69ce13c73,hut.barcelona,available,38.98,38.98,high,low,3,namecheap,,,20/09/2026 07:59
f9613ad8-564a-47d5-9e41-7f4300870b2d,left.barcelona,available,38.98,38.98,high,low,4,namecheap,,,25/09/2026 13:25
1af95338-be7f-4f4a-ab4c-fcd41111f7fb,sold.barcelona,available,38.98,38.98,high,low,4,namecheap,,,27/09/2026 06:58
56776a30-d648-4aef-977b-daab2dcbba0c,curst.barcelona,available,38.98,38.98,medium,low,5,namecheap,,,13/08/2026 11:34
325a9635-5526-47e1-aca3-54cb46ac65a4,sovereign.barcelona,available,38.98,38.98,high,medium,9,namecheap,,,22/09/2026 14:14
380651bd-baa9-47cc-b7c6-934a4192110b,uniform.barcelona,available,38.98,38.98,high,low,7,namecheap,,,19/09/2026 05:41
c32890f9-ad7b-4024-9d4f-a9558d8b81d3,roadless.barcelona,available,38.98,38.98,medium,low,8,namecheap,,,08/09/2026 10:27
d6e913c3-91ca-414b-97e5-64b0d659118f,fcc.barcelona,available,39.99,42.99,high,low,3,name.com,,,25/09/2026 05:53
1dd62f52-b15f-4f98-b261-f86dbfdbee08,amd.barcelona,available,38.98,38.98,high,low,3,namecheap,,,17/09/2026 16:44
ee9b91a3-a294-4af7-a079-1b1cbf394537,coppery.barcelona,available,38.98,38.98,medium,low,7,namecheap,,,13/08/2026 00:34
c0833251-8182-4e9c-94dc-5e0ad8532052,tehran.barcelona,available,38.98,38.98,high,low,6,namecheap,,,25/09/2026 22:03
f6118cd9-3fa3-4031-95f6-22c40e4ec2c2,sagely.barcelona,available,38.98,38.98,medium,low,6,namecheap,,,16/09/2026 00:31
4ec57c2b-8b81-4c25-bc5a-df4339955b18,leger.barcelona,available,38.98,38.98,high,low,5,namecheap,,,16/09/2026 23:07
b0aaf81d-b1a5-42e8-80b9-5620d06197e8,dissolving.barcelona,available,38.98,38.98,high,low,10,namecheap,,,24/09/2026 23:08
ffc36242-0af5-47cf-8f39-218ab7d59b01,grief.barcelona,available,38.98,38.98,high,low,5,namecheap,,,24/09/2026 10:39
d2239cbd-864a-4fc3-9e0a-c008aca53104,larder.barcelona,available,38.98,38.98,high,low,6,namecheap,,,11/08/2026 11:56
586239ef-bed0-4f84-9eb1-4e1a0c04482d,mall.barcelona,available,38.98,,high,low,4,namecheap,,,
834b53a7-e43d-4d41-a8b4-a6dd8b69e5ac,scale.barcelona,available,38.98,,high,medium,5,namecheap,,,
bc0cc2a2-a063-4f7d-a806-ed9a209302cd,actinism.barcelona,available,38.98,38.98,medium,low,8,namecheap,,,17/09/2026 04:50
1ab8c5f5-6883-4bea-bc46-41eecc196492,vacuum.barcelona,available,38.98,,high,low,6,namecheap,,,
5502f55b-9b15-4adb-b8d3-0c8c95c4c776,alalia.barcelona,available,38.98,38.98,medium,low,6,namecheap,,,18/09/2026 01:40
96bb9e7c-b17d-498b-ab00-76a4c210191a,sides.barcelona,available,38.98,38.98,medium,low,5,namecheap,,,17/09/2026 23:26
651bb60a-cc83-41da-a21d-96e4f79bc0ac,styling.barcelona,available,38.98,38.98,high,low,7,namecheap,,,17/09/2026 18:14
8df6cdb9-0cb3-44ad-9023-b04860930477,vixenish.barcelona,available,38.98,38.98,medium,low,8,namecheap,,,13/09/2026 06:24
b7fb0c83-93a5-4a0c-b55b-c34f9bbe261c,generals.barcelona,available,38.98,38.98,medium,low,8,namecheap,,,18/09/2026 06:44
c4dd9cc7-b5ff-4865-82eb-622825797986,disadvantage.barcelona,available,38.98,,high,low,12,namecheap,,,
6a2a9b99-f958-412c-b5cc-83afa2ccea99,controller.barcelona,available,38.98,38.98,high,low,10,namecheap,,,23/09/2026 23:15
36cf6a4b-9ecd-481c-ac06-cd0a42992cd0,stimulated.barcelona,available,38.98,38.98,medium,low,10,namecheap,,,10/09/2026 20:42
416891b0-242a-45d2-9656-46830b7a9fe7,baster.barcelona,available,38.98,38.98,medium,low,6,namecheap,,,22/09/2026 12:47
43fbd0b9-162a-475a-af1b-28660df95517,adhocracy.barcelona,available,38.98,38.98,medium,low,9,namecheap,,,17/09/2026 08:02
1ebd00a3-727b-44fc-986b-5e27caf3c91c,poetic.barcelona,available,38.98,38.98,high,low,6,namecheap,,,08/09/2026 22:33
b35810eb-0f9b-4dd5-b760-f00542d9b7cd,racy.barcelona,available,38.98,38.98,high,low,4,namecheap,,,18/08/2026 18:00
78deb6bb-7244-49e5-b875-a3e04fe26dea,plutonium.barcelona,available,38.98,38.98,high,low,9,namecheap,,,21/09/2026 00:12
341c0c43-68a6-44a7-ad27-7e6ffbd7a03e,rheumatism.barcelona,available,38.98,38.98,medium,low,10,namecheap,,,21/09/2026 00:56
a75822a8-0f14-4cbc-8bad-bc5415bb3f2d,bagger.barcelona,available,38.98,38.98,high,low,6,namecheap,,,21/09/2026 18:02
ab8b68e8-3456-4f1a-8b74-4e9cde15147f,mouthy.barcelona,available,38.98,,medium,low,6,namecheap,,,
e80821ae-377e-4a8b-b021-33c4a737018a,perhaps.barcelona,available,38.98,,high,low,7,namecheap,,,
05cea4c5-93ca-4231-92df-da84f233cf58,townsend.barcelona,available,38.98,38.98,high,low,8,namecheap,,,25/09/2026 06:09
049c268e-f1f1-4688-b7b0-324adb637bf0,hulky.barcelona,available,38.98,38.98,medium,low,5,namecheap,,,21/08/2026 14:48
7780cb80-08a3-4f42-8589-222218fbe046,forbidding.barcelona,available,38.98,38.98,medium,low,10,namecheap,,,18/08/2026 11:08
0dd2ea2f-696f-4159-b29c-d5f1831c1b01,notion.barcelona,available,38.98,,high,low,6,namecheap,,,
607264bd-c946-420a-baa3-ca4691659002,nosey.barcelona,available,38.98,38.98,medium,low,5,namecheap,,,03/09/2026 21:50
b0636356-002e-42ca-ae68-c777e9c25a39,heilong.barcelona,available,38.98,38.98,medium,low,7,namecheap,,,19/09/2026 00:15
388d37ca-fe67-407e-8813-ac14b171e6e4,inhabitant.barcelona,available,38.98,38.98,high,low,10,namecheap,,,24/09/2026 21:51
50f1c1ca-07e1-483a-a1d8-aad498f536f0,bawling.barcelona,available,38.98,38.98,medium,low,7,namecheap,,,13/09/2026 07:42
57516ffb-93d0-49ba-a1da-581961ea8106,advanced.barcelona,available,39.99,42.99,high,low,8,name.com,,,21/09/2026 20:46
315865db-b1bd-4c0f-97c9-ea3ad142dbf5,emeritus.barcelona,available,38.98,38.98,high,low,8,namecheap,,,16/08/2026 15:05
f9efb2a8-24ea-47c1-b6bf-67742cdd16f1,annotator.barcelona,available,38.98,38.98,high,low,9,namecheap,,,19/09/2026 10:48
3383f970-2253-4feb-8e33-31dc5a9a8f3d,ruthless.barcelona,available,38.98,38.98,high,medium,8,namecheap,,,08/09/2026 20:06
80559839-27c1-40fa-a61a-9af351ff3ba0,bigger.barcelona,available,38.98,38.98,high,low,6,namecheap,,,22/09/2026 20:34
78643a5e-b471-4395-ae49-94c56ef8fa1e,desktop.barcelona,available,38.98,,high,low,7,namecheap,,,
76b5312a-0329-4216-a38c-16f284e0a587,abohm.barcelona,available,38.98,38.98,medium,low,5,namecheap,,,16/09/2026 16:26
35fda5d2-9339-452b-ab45-eb308777a0ef,camus.barcelona,available,38.98,38.98,high,low,5,namecheap,,,18/09/2026 02:38
685ab694-70c6-44f0-8022-10446f215fa6,linden.barcelona,available,39.99,42.99,medium,low,6,name.com,,,22/09/2026 12:37
d43bab51-24e1-4893-acf8-1072ffad8163,checklist.barcelona,available,38.98,,high,low,9,namecheap,,,
9784fb2f-4d56-4bdd-9344-91814dcc9732,endogamic.barcelona,available,38.98,38.98,medium,low,9,namecheap,,,17/08/2026 01:11
8cac2932-6104-4a65-a6ca-f2cd8bd714e8,punished.barcelona,available,38.98,38.98,high,medium,8,namecheap,,,09/09/2026 06:01
c804cda0-1b4a-4cc1-b4b5-b5e1ab7b0361,bmr.barcelona,available,38.98,38.98,high,low,3,namecheap,,,22/09/2026 09:49
f90f8358-6bb8-4b8b-aea0-3fb1141816d2,discoverer.barcelona,available,38.98,38.98,high,low,10,namecheap,,,20/09/2026 11:37
03e25c7b-3644-4e3c-8900-99273e3213b2,carbonyl.barcelona,available,38.98,38.98,medium,low,8,namecheap,,,11/08/2026 18:41
4f0cdb68-16d1-4f36-8243-d4db99637772,inharmonic.barcelona,available,38.98,38.98,low,low,10,namecheap,,,14/08/2026 10:54
b21ef154-5eef-464f-8055-f570fb537787,reigning.barcelona,available,38.98,38.98,high,medium,8,namecheap,,,09/09/2026 12:57
3586b297-c4d7-4228-bf45-a5fb3708b92b,finer.barcelona,available,38.98,38.98,high,low,5,namecheap,,,18/08/2026 04:49
fa3aa0fb-94d5-4972-ac0f-ac6f338acaec,stainable.barcelona,available,38.98,38.98,low,low,9,namecheap,,,10/09/2026 18:12
2b048c0a-43c2-42d5-99c2-79e603c39dd0,accipiter.barcelona,available,38.98,38.98,medium,low,9,namecheap,,,16/09/2026 22:29
13ed5327-cd74-4630-8117-5ff3e8704cbb,feetfirst.barcelona,available,38.98,38.98,medium,low,9,namecheap,,,14/09/2026 18:20
b4622c83-49c1-4e94-a28e-4363cbe11564,aesthesia.barcelona,available,38.98,38.98,medium,low,9,namecheap,,,17/09/2026 13:26
a84a7b98-197f-4463-b01b-598fd5535fe1,upwards.barcelona,available,38.98,,high,low,7,namecheap,,,
d64cda92-bbb5-4174-bb91-babb997fd14c,copernican.barcelona,available,38.98,38.98,high,low,10,namecheap,,,13/08/2026 00:26
40b588f6-a075-4f62-a56e-f77e3e4ce201,andreas.barcelona,available,38.98,38.98,high,low,7,namecheap,,,25/09/2026 13:21
56f814f0-0bd3-4629-af3e-cf2c011f4bac,judgement.barcelona,available,38.98,,high,low,9,namecheap,,,
4dd09257-50d3-4d14-8b79-313b2ac9729d,orphan.barcelona,available,38.98,,high,low,6,namecheap,,,
960542ed-b48a-4105-a224-d53c2a29625b,wealth.barcelona,available,38.98,38.98,high,low,6,namecheap,,,25/09/2026 04:29
2fbe031f-d388-4aaf-8df3-c04f584ea235,bookstore.barcelona,available,38.98,38.98,high,low,9,namecheap,,,24/09/2026 07:17
5ccc59c6-a5d4-4cbe-b4e7-18a61faa3c16,immerse.barcelona,available,38.98,38.98,high,low,7,namecheap,,,10/09/2026 19:49
6f1b8e5e-b03a-4f81-b2a7-6c626b2dc00f,capone.barcelona,available,38.98,,medium,low,6,namecheap,,,
17279ddb-dc21-4398-8091-f88628a176df,mandibular.barcelona,available,38.98,38.98,medium,low,10,namecheap,,,22/08/2026 04:40
1aa628de-9f44-4d71-b0b1-27560dce4c18,saunter.barcelona,available,38.98,38.98,high,low,7,namecheap,,,18/09/2026 16:58
dd4f3ef0-fbf9-4247-b160-423367cd9d96,choky.barcelona,available,38.98,38.98,medium,low,5,namecheap,,,12/08/2026 06:42
fdd4328d-d4b7-42bb-bd94-5d8d7ee1aeda,unbleached.barcelona,available,38.98,38.98,medium,low,10,namecheap,,,12/09/2026 02:04
62b6f87b-ea98-4d9a-965f-27f5ad72eca1,victuals.barcelona,available,38.98,38.98,medium,low,8,namecheap,,,12/08/2026 18:52
0b7ae443-729d-4482-8420-58cd814c6c61,tethys.barcelona,available,38.98,38.98,medium,low,6,namecheap,,,19/09/2026 17:56
c77f6ee9-29c2-462a-93ad-5e705b29280d,weightless.barcelona,available,38.98,38.98,high,low,10,namecheap,,,13/09/2026 10:09
b786ae6a-9107-4071-a2da-ad687c1b0e40,riparian.barcelona,available,38.98,38.98,high,low,8,namecheap,,,09/09/2026 17:53
a87a7fdd-c807-4b53-98c9-0ac0fc87fce5,became.barcelona,available,38.98,,medium,low,6,namecheap,,,
f5ccf9b0-9612-499e-8dfb-14f7852e3598,erosive.barcelona,available,38.98,38.98,medium,low,7,namecheap,,,13/08/2026 02:09
fe4ae38c-3ed7-4e78-b2cb-a7da64f95623,xcl.barcelona,available,38.98,38.98,medium,low,3,namecheap,,,
abafa21d-fd0a-48db-9411-ab5e6d5aef6d,generation.barcelona,available,38.98,38.98,high,low,10,namecheap,,,24/09/2026 16:15
57c8b835-d798-4337-af54-69fae902f0a6,trustful.barcelona,available,38.98,38.98,high,low,8,namecheap,,,11/09/2026 20:45
fe0d4d04-97dd-44f0-8f7e-81ebe88a862f,stripes.barcelona,available,38.98,38.98,high,low,7,namecheap,,,24/09/2026 14:23
73d5cce5-617c-4e57-af24-92a31265fdc9,dave.barcelona,available,38.98,,high,low,4,namecheap,,,
350c1ded-f63b-447b-8488-d3fe34855b58,expanded.barcelona,available,38.98,38.98,high,low,8,namecheap,,,17/08/2026 17:57
c5291594-a98c-482a-9452-4ab526f5ba87,blotto.barcelona,available,38.98,38.98,medium,low,6,namecheap,,,09/08/2026 15:32
a2c868f4-53e6-458b-b4de-2f730de2baa8,titles.barcelona,available,38.98,38.98,high,low,6,namecheap,,,18/09/2026 13:24
17eeeb5b-d15c-4b42-9109-d1f8a76f42d4,bitter.barcelona,available,38.98,38.98,high,low,6,namecheap,,,
97d5f397-40ca-4ea7-9d90-1ce528390bc5,lacking.barcelona,available,38.98,,high,low,7,namecheap,,,
3b1b2023-53b7-4542-866e-0dcfb2bf35b1,bedder.barcelona,available,38.98,38.98,medium,low,6,namecheap,,,22/09/2026 23:13
5b6c84b6-a998-4e7a-a61e-832af944166b,brassy.barcelona,available,38.98,38.98,medium,low,6,namecheap,,,11/08/2026 02:33
a81bb07c-96b0-4baf-aa01-cfb80dca9695,erbium.barcelona,available,38.98,38.98,medium,low,6,namecheap,,,20/09/2026 23:37
c2ef35e5-be42-407c-ba0f-3019c1092c78,assent.barcelona,available,38.98,38.98,high,low,6,namecheap,,,20/09/2026 16:09
abb69923-c77c-466f-9beb-d82b48003afe,atoll.barcelona,available,38.98,38.98,high,low,5,namecheap,,,20/09/2026 21:52
085e97b4-80fe-4445-b94f-3336bc9afa17,exeter.barcelona,available,38.98,38.98,high,low,6,namecheap,,,25/09/2026 14:27
da4206a0-63c2-40e6-904e-f72b820349d9,bleacher.barcelona,available,38.98,38.98,high,low,8,namecheap,,,24/09/2026 05:15
cdfd033b-749e-41df-b1c9-b5bdfc40ad8f,segregated.barcelona,available,38.98,38.98,medium,low,10,namecheap,,,10/09/2026 01:51
f5de662e-33b7-4fd6-b0d1-5332a3d19207,bannock.barcelona,available,38.98,38.98,medium,low,7,namecheap,,,22/09/2026 02:55
074dc0bd-6689-479e-92b6-3287be767c46,bidet.barcelona,available,38.98,38.98,high,low,5,namecheap,,,23/09/2026 13:46
07e0dd80-ff92-474e-b6ca-fdaa63ce12bf,paused.barcelona,available,38.98,38.98,medium,low,6,namecheap,,,18/09/2026 02:16
5a3427ea-1fe0-406d-abd9-aca42cedf9c0,balls.barcelona,available,38.98,,high,low,5,namecheap,,,
c2738860-56a0-4ba3-98a5-57b328e0b7b7,pointed.barcelona,available,38.98,38.98,high,low,7,namecheap,,,08/09/2026 22:36
29c06804-527c-41d4-83d5-0176150cb273,hire.barcelona,available,38.98,38.98,high,low,4,namecheap,,,24/09/2026 13:49
51c3cb07-66eb-42bb-b62e-d35299d4a4dd,hail.barcelona,available,38.98,38.98,high,low,4,namecheap,,,16/09/2026 22:38
57f45907-7ee8-442d-bce6-2b8ed7623313,britannic.barcelona,available,38.98,38.98,medium,low,9,namecheap,,,11/08/2026 04:44
b2759eab-4418-4e3c-b831-01d1db963cfc,leonard.barcelona,available,38.98,38.98,high,low,7,namecheap,,,25/09/2026 22:27
9523ad7e-cca1-4f69-89f4-cb57ebc50c55,aguacate.barcelona,available,38.98,38.98,medium,low,8,namecheap,,,07/08/2026 23:46
04f56f26-c328-49fe-8f61-1f5bba1eb691,arable.barcelona,available,38.98,38.98,medium,low,6,namecheap,,,06/08/2026 11:14
894e31d5-576c-4421-9ddc-243ec73333b3,firstborn.barcelona,available,38.98,38.98,high,low,9,namecheap,,,16/08/2026 02:17
71858df8-d1cc-495d-addb-d352dc1d8ab6,hemal.barcelona,available,38.98,38.98,medium,low,5,namecheap,,,20/08/2026 21:41
3a006908-b6a0-48fc-9cc9-448049ddc466,secretary.barcelona,available,38.98,38.98,high,low,9,namecheap,,,25/09/2026 22:37
58b795a8-6668-4f51-83bc-ee0a58dd58bc,webmasters.barcelona,available,38.98,38.98,medium,low,10,namecheap,,,18/09/2026 23:06
d13814cc-7b98-4190-9810-e53368198752,beira.barcelona,available,38.98,38.98,medium,low,5,namecheap,,,23/09/2026 04:20
777374a3-3dde-476f-aaf7-2d02bbc06d90,palpable.barcelona,available,38.98,38.98,high,low,8,namecheap,,,05/09/2026 00:07
a4cf5a7b-7177-4aeb-9d9c-7a8666801278,pouf.barcelona,available,38.98,38.98,medium,low,4,namecheap,,,09/09/2026 08:13
43287c04-c87b-4c62-bc42-cabe5dae36b0,socially.barcelona,available,38.98,38.98,high,low,8,namecheap,,,16/09/2026 03:57
c34b3b1d-2b03-4618-8384-d6788180de52,keeled.barcelona,available,38.98,38.98,medium,low,6,namecheap,,,11/08/2026 19:16
51266d4e-a74e-4631-876c-d6f22dd38e9d,slimy.barcelona,available,38.98,38.98,medium,low,5,namecheap,,,14/08/2026 04:03
e425bdbe-6ee4-4880-9754-e18e09a860b1,reflexion.barcelona,available,38.98,38.98,high,low,9,namecheap,,,03/09/2026 11:28
fdbde16d-953c-4943-a85f-b6486a431981,fitting.barcelona,available,38.98,38.98,high,low,7,namecheap,,,18/08/2026 05:50
9f0456d5-3acd-447c-9aac-e37de2e93354,subdue.barcelona,available,38.98,38.98,high,low,6,namecheap,,,11/09/2026 07:44
8bbd4730-4608-49a0-9b47-285c7d45a623,romanian.barcelona,available,38.98,38.98,high,medium,8,namecheap,,,09/09/2026 18:27
69c5eb19-ce1a-4a25-aca8-3b88fd773b93,restful.barcelona,available,38.98,38.98,high,low,7,namecheap,,,09/09/2026 13:26
3824fc77-27ee-48d9-ac97-e27cd18e9af8,eventide.barcelona,available,38.98,38.98,high,low,8,namecheap,,,17/08/2026 14:48
93aac2a0-9bbb-4e86-8f6c-4184777a217b,radish.barcelona,available,38.98,38.98,high,low,6,namecheap,,,24/09/2026 20:53
1fe23406-fa73-4c13-8029-e45a20fbdf15,election.barcelona,available,38.98,,high,low,8,namecheap,,,
f9b3549e-167d-4f63-b458-b16fb00548e2,convex.barcelona,available,38.98,38.98,high,low,6,namecheap,,,11/08/2026 08:24
93db16d8-c6cb-49c6-9933-c1d16917e78e,ageratina.barcelona,available,38.98,38.98,medium,low,9,namecheap,,,17/09/2026 17:21
1426864b-fa07-4776-ad33-fec86a26bdcf,holla.barcelona,available,39.99,42.99,high,low,5,name.com,,,23/09/2026 06:19
a31424d2-1475-4efc-83ed-514012f4ba72,exothermic.barcelona,available,38.98,38.98,medium,low,10,namecheap,,,17/08/2026 17:46
904e3b3f-41d5-4981-a76b-c4c9f783928b,tawdry.barcelona,available,38.98,38.98,medium,low,6,namecheap,,,12/08/2026 03:29
bb44863d-2d0f-4eeb-855a-36c7dc42fc69,pontiff.barcelona,available,38.98,38.98,medium,low,7,namecheap,,,23/09/2026 21:52
bf178c3e-e6ef-456e-84c5-28b0a0bdd512,stray.barcelona,available,38.98,38.98,high,low,5,namecheap,,,25/09/2026 11:32
6337c1fe-6776-4365-964a-4dd63eea9a29,letting.barcelona,available,38.98,38.98,high,low,7,namecheap,,,09/09/2026 14:21
b2b152b9-fa26-4145-b4f5-cde155ae09c9,goby.barcelona,available,38.98,38.98,medium,low,5,namecheap,,,16/09/2026 16:23
65b77fbf-81c4-443e-8411-7baa2694dd53,pulpit.barcelona,available,38.98,38.98,high,low,6,namecheap,,,18/09/2026 17:14
7872ec8c-394f-4db1-ad42-7e3d84a72e9d,fooling.barcelona,available,38.98,38.98,high,low,7,namecheap,,,18/08/2026 10:35
1184678c-3110-4136-8730-6ae2f93a1d7a,slew.barcelona,available,38.98,38.98,high,low,4,namecheap,,,25/08/2026 00:42
7017a2b9-f359-4c11-994f-ae32cf78aefa,fearlessly.barcelona,available,38.98,38.98,high,low,10,namecheap,,,14/09/2026 10:44
f4db5f3f-3c0e-4aeb-b762-f3e7c4a26477,fastidious.barcelona,available,38.98,38.98,medium,low,10,namecheap,,,17/08/2026 15:30
5427d67f-5d8f-4870-bd38-33aef223df6d,pelagic.barcelona,available,38.98,38.98,high,low,7,namecheap,,,04/09/2026 00:27
e82e836f-ac88-46f0-ace6-2f4f44184364,defensive.barcelona,available,38.98,38.98,high,low,9,namecheap,,,13/08/2026 23:15
b5e16db4-c1d1-418e-9f71-4254b1b4dbb4,centroidal.barcelona,available,38.98,38.98,medium,low,10,namecheap,,,12/08/2026 00:18
676f499e-74aa-4319-88b9-600d4fdda0f9,beduin.barcelona,available,38.98,38.98,high,low,6,namecheap,,,22/09/2026 23:27
6edd1e9b-8c5d-4f2e-bfd3-d7c25715cad2,athabascan.barcelona,available,38.98,38.98,high,low,10,namecheap,,,20/09/2026 20:23
75412e32-f08c-4291-884d-df7070f72045,akka.barcelona,available,38.98,38.98,high,low,4,namecheap,,,16/09/2026 22:23
bf2c5bbf-822d-4a48-97c4-b64e00ce1f0d,commodity.barcelona,available,38.98,,high,low,9,namecheap,,,
4d9be845-14e7-4f1b-87d5-cbf0c9edd71d,weekly.barcelona,available,38.98,38.98,high,low,6,namecheap,,,21/08/2026 05:36
e0122b80-0e4e-4ebe-a4b8-0d70cbd5037a,rubbishy.barcelona,available,38.98,38.98,high,medium,8,namecheap,,,09/09/2026 19:16
0a069254-dd27-4534-92f7-a448ea4f3730,doubt.barcelona,available,38.98,,high,low,5,namecheap,,,
7074e9e9-c4c5-4cd2-9799-6ae8a5f58978,schoolbook.barcelona,available,38.98,38.98,high,low,11,namecheap,,,19/09/2026 07:03
55f3fc25-ec9e-4c5b-8d44-deddfa74d81a,munchausen.barcelona,available,38.98,38.98,medium,low,10,namecheap,,,22/09/2026 07:14
f7bcf8f1-26c3-4603-9edc-b0602b882dc3,idempotent.barcelona,available,38.98,38.98,medium,low,10,namecheap,,,21/08/2026 18:03
87581c0d-bdea-4da5-a2dc-494c30040a95,natives.barcelona,available,38.98,38.98,high,low,7,namecheap,,,18/09/2026 01:41
e9f1b922-1cca-436d-b87d-b6d1b2e319ae,afferent.barcelona,available,38.98,38.98,high,low,8,namecheap,,,
de6306d7-f7c5-4998-9c6e-89f50e53111d,maestro.barcelona,available,38.98,38.98,high,high,7,namecheap,,,24/08/2026 16:47
e5dab813-70b9-47c2-b553-18d23a7561fe,appalachia.barcelona,available,38.98,38.98,medium,low,10,namecheap,,,19/09/2026 19:44
d6a59a8f-3a71-468b-b074-2c6d7b208079,shucks.barcelona,available,39.99,42.99,medium,low,6,name.com,,,13/08/2026 16:16
fe9dadaa-57c4-4e97-ac7c-5633b5d6073b,robed.barcelona,available,38.98,38.98,medium,low,5,namecheap,,,06/08/2026 05:03
ac942c90-a6c2-450a-a270-60f6cb7b00b5,squally.barcelona,available,38.98,38.98,medium,low,7,namecheap,,,10/09/2026 17:18
65352d14-7b83-4154-88f9-82dca76aeadd,reverting.barcelona,available,38.98,38.98,high,low,9,namecheap,,,09/09/2026 15:58
a4b4eaba-fd73-4a62-b3d8-b2433e68bf95,sequence.barcelona,available,38.98,38.98,high,low,8,namecheap,,,24/09/2026 14:56
f019eb15-42b3-4576-b9b3-1657209f1ad4,postpartum.barcelona,available,38.98,38.98,high,low,10,namecheap,,,09/09/2026 00:37
206f2eb9-40b3-4760-935e-c0a38a3d43c0,jumbo.barcelona,available,38.98,38.98,high,low,5,namecheap,,,16/08/2026 03:34
7cdae63f-de70-4332-a08e-b672fb71daf9,hedge.barcelona,available,38.98,,high,low,5,namecheap,,,
5f70b5c2-645c-46e1-8185-64f72876557c,iambic.barcelona,available,38.98,38.98,high,low,6,namecheap,,,21/08/2026 17:28
a9d3e259-7ceb-493d-aeea-2cc2e7329e6d,spoon.barcelona,available,38.98,,high,low,5,namecheap,,,
ad19db16-30cb-4888-9556-7007a19c5fa3,colourise.barcelona,available,38.98,38.98,medium,low,9,namecheap,,,12/08/2026 17:38
78f41c7d-680b-4eee-94d6-8182382339d4,reynolds.barcelona,available,38.98,38.98,high,low,8,namecheap,,,25/09/2026 10:19
0fa8457a-b76c-4657-876b-2d39e9c1594a,arrogance.barcelona,available,38.98,38.98,high,low,9,namecheap,,,20/09/2026 09:19
a760a458-6437-4e7d-9d53-50bb6321946f,oppositions.barcelona,available,38.98,38.98,low,low,11,namecheap,,,20/09/2026 21:56
69b2ae9e-5514-472b-a33c-5f22c63eaecb,prepare.barcelona,available,38.98,,high,low,7,namecheap,,,
b51f2803-022e-4144-96fa-ddbc9ee88b5b,targets.barcelona,available,38.98,38.98,medium,low,7,namecheap,,,18/09/2026 15:18
50dee7d8-2ff4-492a-91a5-727fbd132882,malign.barcelona,available,38.98,38.98,medium,low,6,namecheap,,,24/08/2026 13:54
fbcb004c-b0cf-4826-a161-420e18cdca0e,anthozoa.barcelona,available,38.98,38.98,medium,low,8,namecheap,,,17/09/2026 05:01
33d5498a-5380-4b3a-9ed5-a2e577fdf663,allspice.barcelona,available,38.98,38.98,high,low,8,namecheap,,,18/09/2026 12:10
8f1f2f5c-5a18-4d1e-98a8-26540a4c7a60,lxxvii.barcelona,available,38.98,38.98,medium,low,6,namecheap,,,
a14686b9-ef89-45e6-b29c-d59885231a05,screwdrivers.barcelona,available,38.98,38.98,medium,low,12,namecheap,,,20/09/2026 04:52
09fcf6de-4e02-428e-9cf1-154d6efc041b,paraplegic.barcelona,available,38.98,38.98,medium,low,10,namecheap,,,08/09/2026 01:10
dd669bf6-f741-4601-a0fb-73d23000e43c,wellborn.barcelona,available,38.98,38.98,medium,low,8,namecheap,,,13/09/2026 10:42
f14a7069-5acf-4026-90ee-e82246b68ef9,tattler.barcelona,available,38.98,38.98,medium,low,7,namecheap,,,11/09/2026 10:30
d0a24055-39f6-432f-9ec5-5d11058ee504,vocalizing.barcelona,available,38.98,38.98,high,medium,10,namecheap,,,10/09/2026 08:24
b2d2b8f1-2c5e-432f-b2e7-bd297492e752,redstart.barcelona,available,38.98,38.98,high,low,8,namecheap,,,18/09/2026 20:37
95b09aed-8a8d-4e41-8d70-1084823b8455,aeolus.barcelona,available,38.98,38.98,medium,low,6,namecheap,,,17/09/2026 12:36
8c705d93-b200-4b22-a659-aea2905283b5,bordeaux.barcelona,available,38.98,38.98,high,low,8,namecheap,,,24/09/2026 07:22
9943ed21-2f11-406b-a384-d89fb2aa3750,scupper.barcelona,available,38.98,38.98,medium,low,7,namecheap,,,18/09/2026 17:30
3171c519-10c0-40b2-8346-5a9596416fa3,cypriote.barcelona,available,39.99,42.99,high,low,8,name.com,,,13/08/2026 14:05
deec95bd-2f58-414a-9b17-f2602d4feae4,chuck.barcelona,available,38.98,38.98,high,low,5,namecheap,,,08/09/2026 10:16
5f3fd20a-15fc-4d2f-b3af-1865d9e53fb9,catholic.barcelona,available,38.98,38.98,high,low,8,namecheap,,,11/08/2026 22:01
6342ccd7-cbd4-41ad-b829-aa2157d85a51,swamp.barcelona,available,38.98,38.98,high,low,5,namecheap,,,24/09/2026 21:44
f09817b7-4c22-4852-aa79-d9a06018f138,packs.barcelona,available,38.98,38.98,medium,low,5,namecheap,,,20/09/2026 13:29
43153b66-1da9-4f6b-9c23-65874fdf29f7,documental.barcelona,available,38.98,38.98,medium,low,10,namecheap,,,14/08/2026 14:27
3f6d0e3e-56cc-4842-aa09-e1ddd8481b16,supervise.barcelona,available,38.98,,high,low,9,namecheap,,,
9a1e580c-c5cd-48d0-b4d2-a13e0b78b24f,phyllodial.barcelona,available,38.98,38.98,high,medium,10,namecheap,,,08/09/2026 19:25
b89d63d1-c7c8-4268-8805-10803e2d3ba7,tiny.barcelona,available,38.98,38.98,high,medium,4,namecheap,,,22/09/2026 17:13
6a0d9375-1c0f-4ab0-8091-38baf4952309,degage.barcelona,available,38.98,38.98,medium,low,6,namecheap,,,13/08/2026 23:57
7b66d8eb-8c38-4608-a522-dbf7b63724f6,gidgee.barcelona,available,38.98,38.98,medium,low,6,namecheap,,,16/09/2026 20:01
646e9a9e-9267-4995-bc83-e1f455078e17,centenary.barcelona,available,38.98,38.98,high,low,9,namecheap,,,11/08/2026 23:54
5ed29dc0-2669-4027-b557-66bdca13c420,infrared.barcelona,available,38.98,38.98,high,low,9,namecheap,,,04/09/2026 07:52
de1f5363-7af3-40e8-874b-ef68c387441d,zesty.barcelona,available,38.98,38.98,high,low,5,namecheap,,,08/08/2026 20:02
a2eb0b51-90a3-4de2-af2a-d10efc682cfc,cornflower.barcelona,available,38.98,38.98,high,low,10,namecheap,,,21/09/2026 14:08
f99efd9c-e7c0-4d4d-821f-afd96758f5cb,exegetic.barcelona,available,38.98,38.98,medium,low,8,namecheap,,,17/08/2026 16:59
914bdbae-5bc9-4439-a636-f8dc88ac9526,operating.barcelona,available,38.98,38.98,high,low,9,namecheap,,,04/09/2026 16:26
29470dc9-63f2-4e98-8f5f-2e9718dc5388,moistly.barcelona,available,38.98,38.98,low,low,7,namecheap,,,14/09/2026 10:31
cff91823-75a5-4af9-8830-590ea50f005b,notional.barcelona,available,38.98,38.98,high,low,8,namecheap,,,12/08/2026 20:01
41e42fe5-b4d5-4905-8f6e-aaa1b686bb5f,meaning.barcelona,available,38.98,38.98,high,low,7,namecheap,,,25/09/2026 18:26
f6f363c2-d2e9-4f4d-a347-aeed0dbaba3a,bump.barcelona,available,38.98,,high,low,4,namecheap,,,
12885145-76ce-4e74-b23c-99c31e6e54af,obviously.barcelona,available,38.98,38.98,high,low,9,namecheap,,,27/09/2026 03:52
db72fb89-50b3-4fa7-8fc5-63148f051005,pick.barcelona,available,39.99,42.99,high,low,4,name.com,,,23/09/2026 14:24
514e7dad-5bb4-409a-a4ff-6c3f72fb45c5,missionary.barcelona,available,38.98,38.98,high,low,10,namecheap,,,25/08/2026 01:48
9583b8ba-d5d6-4d1b-9177-7e8e972b2560,session.barcelona,available,38.98,,high,low,7,namecheap,,,
280d15bd-6522-48a3-8361-24eb249364fc,axil.barcelona,available,38.98,38.98,high,low,4,namecheap,,,21/09/2026 10:22
9bacaebb-af04-44f8-bffa-ffc658ac755a,hadrian.barcelona,available,38.98,38.98,high,low,7,namecheap,,,17/09/2026 09:58
b2c6442b-1255-480c-b550-738b1596b8c8,ashton.barcelona,available,38.98,38.98,high,low,6,namecheap,,,20/09/2026 14:00
7ed05a50-9df5-4fa1-b794-916a4ba2c37f,lunches.barcelona,available,38.98,38.98,medium,low,7,namecheap,,,20/09/2026 07:45
ca57a364-f2c8-4160-b174-dc676ef666e0,nonaligned.barcelona,available,38.98,38.98,medium,low,10,namecheap,,,03/09/2026 18:44
1d0e2ece-7fe3-4619-9c11-fc158b8d370b,hope.barcelona,available,38.98,38.98,high,medium,4,namecheap,,,24/09/2026 06:22
9b9d0279-9d1a-40e9-bc9d-ec7ca814a719,appointment.barcelona,available,38.98,38.98,high,low,11,namecheap,,,24/09/2026 03:38
a07b7443-e123-4ae4-bbc1-44d7d2199abb,slave.barcelona,available,38.98,,high,low,5,namecheap,,,
48747f7b-603f-4a48-972d-7b9c7b08fa5c,smoggy.barcelona,available,38.98,38.98,medium,low,6,namecheap,,,10/09/2026 11:52
327f64f6-a8e9-4f5b-89bf-6a17d684c296,megan.barcelona,available,38.98,38.98,medium,low,5,namecheap,,,26/09/2026 03:31
4e62d59d-31fb-4421-96cd-8eb30e2c57cb,greenhouse.barcelona,available,38.98,38.98,high,low,10,namecheap,,,20/08/2026 19:51
37ef23f0-ab6d-4162-aaf4-a0d848420d0a,avaritia.barcelona,available,38.98,38.98,medium,low,8,namecheap,,,21/09/2026 08:46
59f495de-c5f5-48ff-867e-7a86fb16583d,bifid.barcelona,available,38.98,38.98,medium,low,5,namecheap,,,09/08/2026 19:59
760957c7-bc8c-4fc6-be8f-7cbb346ab531,demise.barcelona,available,38.98,38.98,high,low,6,namecheap,,,14/08/2026 21:56
cc1ad793-64f4-4dd3-a5b0-10eaf23f2796,wilhelm.barcelona,available,38.98,38.98,high,low,7,namecheap,,,25/09/2026 18:53
bf1e497d-417f-4fb0-b87e-54021872d608,volar.barcelona,available,38.98,38.98,medium,low,5,namecheap,,,05/09/2026 00:00
9993bcab-49bc-45df-8cfe-ebf1fb2c66c5,prefaded.barcelona,available,38.98,38.98,high,medium,8,namecheap,,,09/09/2026 01:34
4fd599c0-d936-41a2-9a9a-ea418cbf5ec8,untidy.barcelona,available,38.98,38.98,medium,low,6,namecheap,,,12/09/2026 21:22
bbd5d004-8008-4108-97c5-a2c220f07c6a,pin.barcelona,available,38.98,,high,low,3,namecheap,,,
aade2ddc-fe55-4b9f-994b-65e4297b08ab,indwelling.barcelona,available,38.98,38.98,high,low,10,namecheap,,,22/08/2026 03:37
3008bce3-b4fa-4680-938d-a09553da313c,edmonton.barcelona,available,38.98,38.98,high,low,8,namecheap,,,25/09/2026 22:33
294bf8d1-8f3f-4a8e-b0e1-f750373c932b,monotony.barcelona,available,38.98,38.98,medium,low,8,namecheap,,,21/08/2026 15:10
7f2ab799-1359-4e7c-87dd-c4d109c7ddda,toned.barcelona,available,38.98,38.98,high,low,5,namecheap,,,11/09/2026 17:02
4e7ba9fb-cd97-43b0-9ef5-fc25b426383d,weird.barcelona,available,38.98,38.98,high,low,5,namecheap,,,24/09/2026 13:41
0d6b8ec8-a6fa-4c34-b8de-13e134f6e682,collector.barcelona,available,38.98,38.98,high,low,9,namecheap,,,16/09/2026 23:18
4d912d2f-baeb-4856-af6e-d79c87fe1b27,readily.barcelona,available,38.98,38.98,medium,low,7,namecheap,,,15/09/2026 21:42
a20449ed-63c5-47bc-a27a-20e2dca4a935,mistrust.barcelona,available,38.98,38.98,high,low,8,namecheap,,,24/09/2026 23:12
5406c6da-731b-468d-be6a-2362f9f6a30e,conversely.barcelona,available,38.98,38.98,medium,low,10,namecheap,,,14/09/2026 08:37
f57b15df-4720-41cf-ae04-91c1a9d5df69,artful.barcelona,available,38.98,38.98,high,low,6,namecheap,,,06/08/2026 22:44
467b42cf-b048-457a-aa73-a22f8fe59732,arbutus.barcelona,available,38.98,38.98,medium,low,7,namecheap,,,20/09/2026 01:01
157a85d4-a7b3-405b-be08-73c98149e0eb,guide.barcelona,available,38.98,,high,low,5,namecheap,,,
cdc6c317-5386-4928-ab88-8e2c2af0ee70,personable.barcelona,available,38.98,38.98,high,low,10,namecheap,,,08/09/2026 17:59
d04cfddf-8b0e-4d56-a7d7-0847c59a9c5d,algometric.barcelona,available,38.98,38.98,medium,low,10,namecheap,,,
284ee5e8-57cc-4eaf-ba82-1ebea1efba88,truthful.barcelona,available,38.98,38.98,high,low,8,namecheap,,,11/09/2026 20:51
f1ed9b2a-f7e2-4a95-8947-ab0695506165,aeration.barcelona,available,38.98,38.98,medium,low,8,namecheap,,,17/09/2026 12:46
a9ce9da2-8583-40a6-ba49-621a2382f8dc,unified.barcelona,available,38.98,38.98,high,low,7,namecheap,,,13/08/2026 00:16
2cdba5a3-af49-41e3-89c3-80259dcdff02,marginal.barcelona,available,38.98,38.98,high,low,8,namecheap,,,23/09/2026 00:04
29b7248f-a6dd-46c1-b693-2137bb41e2dc,abramis.barcelona,available,38.98,38.98,medium,low,7,namecheap,,,16/09/2026 16:53
8c74afa7-0291-4e66-a37f-9a4de7a8fed2,line.barcelona,available,39.99,42.99,high,medium,4,name.com,,,19/09/2026 05:36
c2553fd4-3ac1-408c-8252-91c1755c8a88,alphabetic.barcelona,available,38.98,38.98,high,low,10,namecheap,,,22/09/2026 02:10
ff5ed1f5-0b57-4546-af95-f36e25832b8c,arrows.barcelona,available,38.98,38.98,medium,low,6,namecheap,,,17/09/2026 06:24
a1a922af-08d5-4c40-bb71-78d8ec23e447,grandfathers.barcelona,available,38.98,38.98,medium,low,12,namecheap,,,20/09/2026 22:52
a7e165a4-5247-437a-8be6-ba8f8f2a5b84,thunderous.barcelona,available,39.99,42.99,medium,low,10,name.com,,,13/08/2026 19:56
d39b5204-5839-4c93-9f54-ae4613257c11,finalized.barcelona,available,38.98,38.98,medium,low,9,namecheap,,,17/09/2026 13:05
0ccaf297-0698-4c74-91a9-a04aaa7de7e1,whereabouts.barcelona,available,38.98,,high,low,11,namecheap,,,
b7fd0f06-e040-4945-bc40-9a75422df8f6,anomic.barcelona,available,38.98,38.98,medium,low,6,namecheap,,,
8edb7891-f644-47c8-9f61-815b4fbf1e15,vii.barcelona,available,38.98,38.98,high,low,3,namecheap,,,
50c1ce56-1a26-4c0f-9e8a-565521cc86ed,agnostic.barcelona,available,38.98,38.98,high,low,8,namecheap,,,21/09/2026 23:11
10e0ca53-46ca-4f8c-b96d-3403d9626f88,tolerate.barcelona,available,38.98,38.98,high,low,8,namecheap,,,24/09/2026 10:45
8cf5788a-c840-433d-bd25-3a31bee3c02e,picayune.barcelona,available,38.98,38.98,medium,low,8,namecheap,,,18/08/2026 03:37
df580cbc-dc89-489b-a969-ef49675b8c61,assembler.barcelona,available,38.98,38.98,high,low,9,namecheap,,,20/09/2026 16:01
f9f0901d-09e0-4dbc-8217-82e4f024c280,alcohol.barcelona,available,38.98,38.98,high,low,7,namecheap,,,25/09/2026 10:44
303adb24-f62c-48c2-8a4e-c9dd72260a54,minecraft.barcelona,available,38.98,38.98,high,high,9,namecheap,,,27/09/2026 05:33
a4139d8f-7c84-4612-99a5-a246783705d6,revisions.barcelona,available,38.98,38.98,medium,low,9,namecheap,,,20/09/2026 05:28
8b759304-21f1-4067-8efe-73c74982a03b,landscaped.barcelona,available,38.98,38.98,high,low,10,namecheap,,,22/08/2026 19:30
80fe9c18-3080-435f-9fb6-dfeaa1d95b4f,steerable.barcelona,available,38.98,38.98,medium,low,9,namecheap,,,14/08/2026 09:00
03f0ba36-b968-4bce-9c1b-ce6ae13125cd,rollover.barcelona,available,38.98,38.98,high,low,9,namecheap,,,16/09/2026 17:22
7d6e0dd2-ce86-41d0-a553-0b212abf7df4,affiliation.barcelona,available,38.98,,high,low,11,namecheap,,,
d100d3a8-4690-41d8-9fa6-4c3d6451e80b,realty.barcelona,available,38.98,38.98,high,low,6,namecheap,,,21/08/2026 21:24
9a41075a-e1cc-46f1-ac2d-a9e65ee889e8,indocile.barcelona,available,38.98,38.98,medium,low,8,namecheap,,,22/08/2026 03:18
d1f630ff-1a02-4dd3-9f0d-8e76ae0a47d1,agua.barcelona,available,38.98,38.98,high,low,4,namecheap,,,17/09/2026 20:04
5ac206c1-5d38-4051-bb5a-4950fc7ea698,arsenide.barcelona,available,38.98,38.98,medium,low,8,namecheap,,,20/09/2026 09:41
7b4a1fc9-31fd-4156-9039-fbb28ba0a7d2,baa.barcelona,available,38.98,38.98,high,low,3,namecheap,,,10/08/2026 13:40
db7b139f-774e-426c-b211-092f02f88b6c,drilled.barcelona,available,38.98,38.98,medium,low,7,namecheap,,,14/08/2026 19:21
2afff023-f777-4048-a6b5-433e2925cae7,surely.barcelona,available,38.98,38.98,high,low,6,namecheap,,,24/09/2026 20:56
ff5fa5f9-9bfe-42ef-be8a-a6ffd8345376,infirm.barcelona,available,39.99,42.99,medium,low,6,name.com,,,13/08/2026 20:32
962018bf-f3cc-4089-b919-cf723e444a4b,offline.barcelona,available,38.98,38.98,high,medium,8,namecheap,,,04/09/2026 01:13
0b18203b-f8cc-4b5d-999a-72fcf7734caa,unbroken.barcelona,available,38.98,38.98,high,low,8,namecheap,,,22/08/2026 15:36
8afc3b4c-1318-4eb6-96e5-46469ee73a4b,bowery.barcelona,available,38.98,38.98,high,medium,6,namecheap,,,10/08/2026 23:13
f2aa4e0d-5103-410a-b5f5-5c9d8daeea3b,nether.barcelona,available,38.98,38.98,high,low,6,namecheap,,,12/08/2026 07:29
304eb23e-b477-4053-b4ca-f438421967e1,untaught.barcelona,available,38.98,38.98,medium,low,8,namecheap,,,12/09/2026 18:56
dc9085f9-6ce9-4d2e-bb80-a1f2226cce5a,teachers.barcelona,available,38.98,38.98,high,low,8,namecheap,,,18/09/2026 18:31
3903cae6-529c-4156-bfaa-e2323d78b017,coverage.barcelona,available,38.98,,high,low,8,namecheap,,,
70f5838c-a99e-4cd6-aaa0-8719379cac69,huntington.barcelona,available,38.98,38.98,high,low,10,namecheap,,,25/09/2026 04:18
7e7d4a6f-0cee-4bcc-b4c4-0cad42487b2b,manual.barcelona,available,38.98,38.98,high,low,6,namecheap,,,25/09/2026 16:42
c8139a36-704c-41d1-9adc-adcab8258906,groves.barcelona,available,38.98,,high,low,6,namecheap,,,
2f920700-e122-4c67-a830-fc80f2e9a79d,purely.barcelona,available,38.98,38.98,high,low,6,namecheap,,,15/09/2026 22:05
28139b2f-21c4-4dc0-bad3-e77328d01d8d,julie.barcelona,available,38.98,38.98,high,low,5,namecheap,,,25/09/2026 14:47
cee0806c-4594-41ee-a948-546dbb613b5f,uncomfortable.barcelona,available,,,medium,low,13,,,,26/09/2026 00:44
ab59f843-6f86-4d93-b158-7923cbab4f6e,trivial.barcelona,available,38.98,38.98,high,low,7,namecheap,,,24/09/2026 17:54
d3a5610f-0911-434c-b051-21ddd9da22b1,terribly.barcelona,available,38.98,38.98,medium,low,8,namecheap,,,22/09/2026 15:23
6c2f9994-d899-429d-b32b-3f9f777174e1,consent.barcelona,available,38.98,38.98,high,low,7,namecheap,,,08/09/2026 13:17
d1cffdde-8851-4869-a156-b9dc239ea60a,bioassay.barcelona,available,38.98,38.98,medium,low,8,namecheap,,,23/09/2026 17:38
ca9508de-94fd-46c4-8d14-d741a1275db9,sanctum.barcelona,available,38.98,38.98,high,low,7,namecheap,,,21/08/2026 10:47
04077a43-db5b-44dc-9e7e-6a1635f49e68,whitener.barcelona,available,38.98,38.98,medium,low,8,namecheap,,,24/09/2026 03:50
b9418845-3210-4c3c-bdbc-605b6b2b7eff,wavelike.barcelona,available,38.98,38.98,medium,low,8,namecheap,,,13/08/2026 06:56
b1672cfb-7952-471e-9bce-0e5ac018647b,isotropic.barcelona,available,38.98,38.98,high,low,9,namecheap,,,22/08/2026 11:28
c6cf283e-bc14-407a-9b9b-c58e26bcf856,lol.barcelona,available,38.98,,high,low,3,namecheap,,,
a6d06ab4-a9ab-49c0-a44f-b9f946d1d85e,zaire.barcelona,available,38.98,38.98,high,medium,5,namecheap,,,23/09/2026 04:58
38d3e7eb-d4f8-40e8-a9bb-161fb76bcec4,topmost.barcelona,available,38.98,38.98,medium,low,7,namecheap,,,11/09/2026 17:46
e2edfb5d-ecff-4438-a31b-76d4c11c8c3c,beatniks.barcelona,available,38.98,38.98,medium,low,8,namecheap,,,22/09/2026 21:34
14433b54-a5e1-44fe-90d8-3e5fd56b66a9,backslash.barcelona,available,38.98,,high,low,9,namecheap,,,
a9bb53e6-c778-48b8-8ac9-85c7a0b3d2e1,farthest.barcelona,available,38.98,38.98,medium,low,8,namecheap,,,24/09/2026 17:05
5b90ff56-44c7-477e-a8a7-ea9e9dba2f64,edirne.barcelona,available,38.98,38.98,medium,low,6,namecheap,,,17/09/2026 10:01
14c65610-94e9-4a49-9e57-b4df94f63333,unhappiness.barcelona,available,38.98,,medium,low,11,namecheap,,,
3cc6f9f4-2e7e-4356-9345-e04d6dc9bcba,composure.barcelona,available,38.98,38.98,high,low,9,namecheap,,,11/08/2026 14:55
095ba382-f241-426e-8c9e-ea92ee5a4f32,hussy.barcelona,available,38.98,38.98,medium,low,5,namecheap,,,17/09/2026 10:20
b7e2765e-7245-41bd-bcad-ba6b49ddd009,edwin.barcelona,available,38.98,38.98,high,low,5,namecheap,,,25/09/2026 05:17
ec9d41f7-de05-4010-890c-155104e38971,stealing.barcelona,available,38.98,38.98,medium,low,8,namecheap,,,11/09/2026 13:24
23882924-34d7-4307-9361-3340b23b690c,zama.barcelona,available,38.98,38.98,high,low,4,namecheap,,,22/09/2026 16:21
28afa115-44f9-40c1-bd85-ace556092060,apocryphal.barcelona,available,38.98,38.98,medium,low,10,namecheap,,,06/08/2026 01:11
257919ab-b793-4d42-bfef-2ee1c41729b0,spoil.barcelona,available,38.98,38.98,high,low,5,namecheap,,,09/09/2026 08:16
50e2340a-651a-41c5-b9d0-6cac0ef3f990,fake.barcelona,available,38.98,38.98,high,low,4,namecheap,,,08/08/2026 23:02
9f4adbfb-3016-475f-90cb-55857baa48f4,powerful.barcelona,available,38.98,38.98,high,low,8,namecheap,,,23/09/2026 09:23
067e7e9d-a4d2-4159-a001-b102b97be861,fitness.barcelona,available,38.98,,high,low,7,namecheap,,,
d81845e3-4180-4cb6-a457-df8d018205bd,tailored.barcelona,available,38.98,38.98,high,low,8,namecheap,,,09/08/2026 17:32
ba21d993-3380-471a-8ac3-ec6a8dc608cc,recurved.barcelona,available,38.98,38.98,high,medium,8,namecheap,,,09/09/2026 12:06
a307a5df-02ae-4325-a6d9-4e0bb30b8b04,addon.barcelona,available,38.98,38.98,high,low,6,namecheap,,,17/09/2026 06:37
51cb610a-238d-4f98-a2e7-f84b8fd18c88,harper.barcelona,available,38.98,38.98,high,low,6,namecheap,,,25/09/2026 06:58
0d733925-6102-48aa-a16e-b6ac39ce57cd,underage.barcelona,available,38.98,38.98,medium,low,8,namecheap,,,03/09/2026 18:43
a0c296f4-066c-4e3f-a15e-3dd5445d88ca,venerating.barcelona,available,38.98,38.98,high,low,10,namecheap,,,09/09/2026 16:09
f1da88a6-3461-4a4f-9e46-00ee243095a1,mid.barcelona,available,38.98,,high,low,3,namecheap,,,
0239feb8-4b61-4787-ab34-56110dad4fb1,antlia.barcelona,available,38.98,38.98,medium,low,6,namecheap,,,19/09/2026 15:21
f2a6c1aa-0ee4-4a92-b40b-5f23b7214ea5,tress.barcelona,available,38.98,38.98,medium,low,5,namecheap,,,24/09/2026 07:57
587a470c-f22e-46c2-9941-944e27c89b68,firebug.barcelona,available,38.98,38.98,medium,low,7,namecheap,,,22/08/2026 00:57
a305cbbe-182e-42af-bf3f-afecc15e3191,homing.barcelona,available,38.98,38.98,medium,low,6,namecheap,,,21/08/2026 12:35
92da5ea5-603d-4685-8f25-6aa28cc45812,males.barcelona,available,39.99,42.99,medium,low,5,name.com,,,18/09/2026 00:29
1161c346-c602-411d-8b6f-04806352cf31,lunate.barcelona,available,38.98,38.98,medium,low,6,namecheap,,,13/08/2026 06:12
4b02ca83-bb20-4cef-954c-9e2399c9757c,dais.barcelona,available,38.98,38.98,high,low,4,namecheap,,,18/09/2026 17:12
60e846d6-4500-4898-afaa-d90ecfc5e703,counting.barcelona,available,39.99,42.99,high,low,8,name.com,,,25/09/2026 04:26
b023db39-ef2f-4a00-9336-b086b6cfd62e,distrait.barcelona,available,38.98,38.98,low,low,8,namecheap,,,14/08/2026 13:10
70cb24d2-0182-44ed-a536-bb5687543fbf,weapon.barcelona,available,38.98,38.98,high,low,6,namecheap,,,25/09/2026 10:57
29c6bc89-ff30-4d50-b587-29051537f375,canonized.barcelona,available,38.98,38.98,medium,low,9,namecheap,,,11/08/2026 17:25
8d76649e-138f-4459-8d9f-a4d382729c5e,various.barcelona,available,38.98,,high,low,7,namecheap,,,
ea0c20d1-b26f-43c3-aaa9-dd399874abb9,dimly.barcelona,available,38.98,38.98,medium,low,5,namecheap,,,14/09/2026 12:45
b5cd18bf-4c30-4fa4-a7ed-072ec045adb6,paternal.barcelona,available,38.98,38.98,high,low,8,namecheap,,,
d34c5691-07b0-43b2-a405-acaf3fd7f787,cresson.barcelona,available,38.98,38.98,medium,low,7,namecheap,,,13/08/2026 06:16
8dd74915-b682-45aa-bf0f-2a5a78aa6f13,switch.barcelona,available,38.98,,high,medium,6,namecheap,,,
ad12b514-b8f4-46d3-af2b-7c993b9d89c6,menacing.barcelona,available,38.98,38.98,medium,low,8,namecheap,,,24/08/2026 19:55
f40bd9d2-a9e8-4f74-a126-6bd7b23829f8,tabs.barcelona,available,38.98,,medium,low,4,namecheap,,,20/09/2026 01:36
38a824cc-839f-455c-8b11-00d29e294d54,applicator.barcelona,available,38.98,38.98,medium,low,10,namecheap,,,19/09/2026 21:55
0d66eac8-2732-453f-83fb-21f46ba24951,downsizing.barcelona,available,38.98,38.98,medium,low,10,namecheap,,,24/09/2026 23:41
38dc17f0-ca59-45bb-9502-9e38cde58dea,bassine.barcelona,available,38.98,38.98,medium,low,7,namecheap,,,22/09/2026 12:22
372cb14e-d82a-4e9f-bab8-cf57d15cdf36,blackmailing.barcelona,available,38.98,,medium,low,12,namecheap,,,
a00e2649-70c4-4e1d-99fd-1ff77c99537f,panoramic.barcelona,available,38.98,38.98,high,low,9,namecheap,,,22/09/2026 21:06
6574d3a7-aefc-420b-9064-cf5f3eb9e788,marble.barcelona,available,38.98,,high,low,6,namecheap,,,
958ecee8-8678-4078-b864-ce6024c19ac6,virtuous.barcelona,available,38.98,38.98,high,low,8,namecheap,,,13/09/2026 06:06
9e13119e-3732-4830-b6bb-7db3b7019f53,trackable.barcelona,available,38.98,38.98,high,low,9,namecheap,,,11/09/2026 18:37
147f862e-222d-4416-9fad-1c877fd77dfc,leukaemia.barcelona,available,38.98,38.98,medium,low,9,namecheap,,,24/09/2026 11:59
57224dd3-46a0-4f4e-bcf6-80f284f12805,past.barcelona,available,38.98,38.98,high,low,4,namecheap,,,27/09/2026 02:57
79feddff-020f-4df2-8855-e5d3fe170795,abraham.barcelona,available,38.98,38.98,high,low,7,namecheap,,,16/09/2026 16:50
ea73c25f-43e9-46a2-87e2-21d16df4f39e,wrists.barcelona,available,38.98,38.98,medium,low,6,namecheap,,,20/09/2026 10:52
ab59cf73-983d-4c30-8480-15f36bad984f,portent.barcelona,available,38.98,38.98,medium,low,7,namecheap,,,09/09/2026 02:55
3d1ac13b-d963-4c7a-9379-1599fdd2cec1,abnegation.barcelona,available,38.98,38.98,medium,low,10,namecheap,,,16/09/2026 16:16
e829316f-fe5e-4a1b-b01a-8b8b685e47f9,selfaware.barcelona,available,38.98,38.98,high,low,10,namecheap,,,10/09/2026 02:00
b82aa702-b986-4504-9a1b-6c3d1cef8cca,steam.barcelona,available,38.98,,high,medium,5,namecheap,,,
fdb60486-ca6d-4cad-8da4-9c89fb21bdde,twoscore.barcelona,available,38.98,38.98,medium,low,8,namecheap,,,
f73e040e-379a-42bb-b25d-9f205177b98a,canon.barcelona,available,38.98,38.98,high,medium,5,namecheap,,,19/09/2026 11:56
d7a15d45-d099-438e-bb55-0b753d255475,quantized.barcelona,available,38.98,38.98,medium,low,9,namecheap,,,09/09/2026 07:30
4f5acfb9-86f9-4803-a01c-061a958eb990,betsy.barcelona,available,38.98,38.98,high,low,5,namecheap,,,27/09/2026 07:40
f1d7e245-495c-45bb-b19c-05c0904bb877,alaric.barcelona,available,38.98,38.98,high,low,6,namecheap,,,18/09/2026 01:52
913e1de4-fd69-49b1-9dca-8e9dd2c3eaad,lief.barcelona,available,38.98,38.98,medium,low,4,namecheap,,,17/08/2026 20:49
1d5a7bae-e95e-417e-9319-5b8933951a85,similitude.barcelona,available,38.98,38.98,medium,low,10,namecheap,,,18/09/2026 07:51
9554228b-fd24-4147-b74a-2aab94ea73e7,recycled.barcelona,available,38.98,,high,low,8,namecheap,,,
390023e8-6dd6-4606-87dc-7c843b193322,brooklyn.barcelona,available,38.98,38.98,high,low,8,namecheap,,,24/09/2026 10:45
4ae1a82f-aaae-420f-acf3-655dda627e45,monarchal.barcelona,available,38.98,38.98,medium,low,9,namecheap,,,25/08/2026 04:07
9897e0d1-e3f2-4544-b2a8-11070e95c339,diversity.barcelona,available,38.98,,high,low,9,namecheap,,,
16e66177-4d5c-4840-aa02-0c259fde8bce,maturity.barcelona,available,38.98,38.98,high,low,8,namecheap,,,17/09/2026 10:27
6f1b6b5a-851c-47c3-9659-c02af8e330e2,chris.barcelona,available,38.98,38.98,high,medium,5,namecheap,,,25/09/2026 17:18
06d25832-6a3a-4007-af63-5a68728fd2a1,backwater.barcelona,available,38.98,38.98,high,low,9,namecheap,,,21/09/2026 16:21
2beaee01-101d-4d90-86ab-71ec21cf3747,applaud.barcelona,available,38.98,,high,low,7,namecheap,,,
738f6f2e-d728-4cce-aae0-329e1d73deaf,copper.barcelona,available,38.98,38.98,high,low,6,namecheap,,,20/09/2026 22:44
0c8f0c8f-766f-40b7-b4c5-1356ebce759d,withdraw.barcelona,available,38.98,38.98,high,low,8,namecheap,,,24/09/2026 19:10
a0591421-4b48-41c3-a09e-d7a34c2b745e,dualistic.barcelona,available,38.98,38.98,medium,low,9,namecheap,,,14/08/2026 20:40
758c7a57-0580-42f4-b226-a0d2a9884fc1,paleozoic.barcelona,available,38.98,38.98,medium,low,9,namecheap,,,04/09/2026 23:39
d078f4f1-7e16-4fed-96ad-00bfc04fef63,analects.barcelona,available,39.99,42.99,medium,low,8,name.com,,,19/09/2026 01:48
88aa2956-26d5-485d-8b03-e9c6edcbb86b,phrase.barcelona,available,38.98,,high,low,6,namecheap,,,
79fdd092-2e11-4ab1-9061-4d2fffe7b162,austerity.barcelona,available,38.98,38.98,medium,low,9,namecheap,,,21/09/2026 04:40
0691b5ea-46f5-4432-af90-8da189b35273,hot.barcelona,available,38.98,38.98,high,medium,3,namecheap,,,19/09/2026 15:25
4749c4d7-f856-48c5-ba86-7034ba6480fb,louisa.barcelona,available,38.98,38.98,high,low,6,namecheap,,,25/09/2026 14:44
26efb2c1-218c-4e1c-81a7-2d4de91abfef,jill.barcelona,available,38.98,38.98,high,low,4,namecheap,,,25/09/2026 11:32
f5c0ebf6-c25e-4a0a-bf12-0f53525914cf,stripy.barcelona,available,38.98,38.98,medium,low,6,namecheap,,,10/09/2026 22:46
8a1525fb-fc1e-443d-ab8d-353a8653ca09,assignee.barcelona,available,38.98,38.98,high,low,8,namecheap,,,20/09/2026 16:23
6d915a74-67e7-4b4f-84fe-a8934069effe,yearn.barcelona,available,38.98,38.98,high,low,5,namecheap,,,24/08/2026 08:59
b9f64e13-ef56-4351-af88-3767a3d8b66c,wintertime.barcelona,available,38.98,,high,low,11,namecheap,,,
8d30e8c4-5d74-4a89-8de7-49de036f06dd,hunted.barcelona,available,38.98,38.98,high,low,6,namecheap,,,21/08/2026 15:43
9414d338-3c6a-41f7-9fbf-920435c47bef,dropping.barcelona,available,38.98,38.98,high,low,8,namecheap,,,14/08/2026 19:47
0d482eeb-e789-4760-b108-c4f65f37c442,roommates.barcelona,available,38.98,38.98,high,low,9,namecheap,,,21/09/2026 02:59
d4eaae69-624d-491a-bcff-ad19e3591761,barn.barcelona,available,38.98,,high,low,4,namecheap,,,
4ed9248a-9da1-4791-b017-2af5bf899338,gabby.barcelona,available,38.98,38.98,high,low,5,namecheap,,,12/08/2026 03:18
bf16c939-0637-47bc-aa70-861799bead93,immunized.barcelona,available,38.98,38.98,medium,low,9,namecheap,,,21/08/2026 21:30
d78f559f-6d03-4cc6-b22e-173dbb0e912b,engaged.barcelona,available,38.98,38.98,high,low,7,namecheap,,,10/08/2026 19:07
bc8d8313-6c87-4660-b501-56a587bd2c7c,purposive.barcelona,available,38.98,38.98,high,low,9,namecheap,,,20/08/2026 15:51
05a2e66f-c9de-4e5f-817c-ff9a60990960,uncensored.barcelona,available,38.98,38.98,high,low,10,namecheap,,,12/09/2026 04:53
8c6771da-628a-40ac-abdf-fdd75c39cca9,stout.barcelona,available,38.98,38.98,high,low,5,namecheap,,,21/08/2026 00:54
4ba571e1-c7be-4466-8b5f-9cc7f525865d,precisely.barcelona,available,38.98,38.98,high,low,9,namecheap,,,04/09/2026 14:15
2be2ba65-fd28-4c38-89fc-f46c7754b9f0,promissory.barcelona,available,38.98,38.98,medium,low,10,namecheap,,,09/09/2026 03:11
9a8a00e0-c761-4e87-bdc1-d295a5761d3d,evaluative.barcelona,available,38.98,38.98,medium,low,10,namecheap,,,06/08/2026 08:13
ce6fc5e9-214d-4d91-bead-3531aa8f41c1,abasia.barcelona,available,38.98,38.98,medium,low,6,namecheap,,,16/09/2026 14:05
8bc68027-8ba1-415b-84ec-c40f02fc7f89,swan.barcelona,available,38.98,38.98,high,low,4,namecheap,,,10/09/2026 22:05
7a6dcea4-fcf4-494c-bcb4-c7eb2b2bf667,adjunct.barcelona,available,38.98,38.98,high,low,7,namecheap,,,
29b7774e-2e3a-44f7-a245-4c37d28860aa,length.barcelona,available,38.98,,high,low,6,namecheap,,,
cf73b59a-f35e-45cb-aa2f-c59c0de588ce,dope.barcelona,available,38.98,38.98,high,low,4,namecheap,,,24/08/2026 10:28
4d96ce69-8f4d-4714-99dc-1f5eeb388f4e,lowland.barcelona,available,38.98,38.98,high,low,7,namecheap,,,24/08/2026 10:48
fec771a3-518c-41f8-b452-b1a120807920,attica.barcelona,available,38.98,38.98,high,low,6,namecheap,,,21/09/2026 01:42
b9e2ed03-4821-4300-a305-ae5275558892,stinging.barcelona,available,39.99,42.99,high,low,8,name.com,,,13/08/2026 13:17
5f9ce7cc-662d-4be1-88eb-2473c74ca789,twinkle.barcelona,available,38.98,38.98,high,low,7,namecheap,,,18/08/2026 06:46
7e51b73e-8a48-45fc-9b6c-5fb97688873b,motorcoach.barcelona,available,38.98,38.98,high,low,10,namecheap,,,21/09/2026 06:31
606ec335-4bbe-436d-80b2-044977fd747a,serenely.barcelona,available,38.98,38.98,medium,low,8,namecheap,,,16/09/2026 01:06
f363814d-860f-4da9-9861-af60069f4d8f,odorless.barcelona,available,38.98,38.98,high,low,8,namecheap,,,22/08/2026 06:02
973fe145-2619-4c85-b9d3-f12a01bdfc12,virginia.barcelona,available,38.98,38.98,high,low,8,namecheap,,,25/09/2026 09:38
fce85daa-c5e9-4ac7-8e0f-d9f5946e5587,unfenced.barcelona,available,38.98,38.98,medium,low,8,namecheap,,,12/09/2026 10:10
3991794b-50e0-4f6e-927e-1113e47ac9f3,banana.barcelona,available,38.98,,high,medium,6,namecheap,,,
97cac93a-96e7-450f-ad31-d335ce751479,matters.barcelona,available,38.98,38.98,medium,low,7,namecheap,,,25/09/2026 17:05
569072d7-f359-4ca1-8604-06ec710273e9,razor.barcelona,available,38.98,,high,low,5,namecheap,,,
f7ce783e-5c25-45ea-815b-d980a8d49c69,remove.barcelona,available,39.99,42.99,high,low,6,name.com,,,21/09/2026 14:40
acb22120-c973-4494-8dd5-7b9fc2ea9861,inveterate.barcelona,available,38.98,38.98,high,low,10,namecheap,,,22/08/2026 09:02
53f122eb-d553-4b3b-a97b-4bd42e340845,ethereal.barcelona,available,38.98,38.98,high,low,8,namecheap,,,21/09/2026 21:04
6b761fb7-47e9-46da-ad75-d4d9cebbb1ee,barium.barcelona,available,39.99,42.99,high,low,6,name.com,,,20/09/2026 23:19
b96af626-8619-4505-bcdb-bd1dbc265bc9,vulnerable.barcelona,available,38.98,38.98,high,low,10,namecheap,,,13/09/2026 07:24
074ba022-4275-4d43-9757-69a8a1b1e92a,dysphoric.barcelona,available,38.98,38.98,medium,low,9,namecheap,,,14/08/2026 22:07
e349c733-aa60-4520-bab9-dbc46131d958,bifacial.barcelona,available,38.98,38.98,medium,low,8,namecheap,,,09/08/2026 19:57
38f60d3e-dd79-4364-9e77-e63be282c208,huisache.barcelona,available,38.98,38.98,medium,low,8,namecheap,,,16/09/2026 20:11
94460305-5a13-4abc-ab8d-9aa185b26eca,swallow.barcelona,available,38.98,,high,low,7,namecheap,,,
f546badc-3fb2-4fec-862f-038ae2cd86c7,followers.barcelona,available,38.98,38.98,high,low,9,namecheap,,,18/08/2026 10:24
1c9427e0-2b2e-4332-a5e6-ee059780b753,eyesight.barcelona,available,38.98,,high,low,9,namecheap,,,
cf2cc5be-edc7-4cc5-99e1-7429d81b79d7,polishing.barcelona,available,38.98,38.98,high,medium,9,namecheap,,,10/09/2026 06:31
8bfa12b0-78fc-448d-a12a-be018c50d71e,etched.barcelona,available,38.98,38.98,high,low,6,namecheap,,,17/08/2026 07:41
0369066b-b19a-41c2-bfc6-fe329dd77d86,rutland.barcelona,available,38.98,38.98,high,low,7,namecheap,,,27/09/2026 05:16
90d5a321-0180-4ed4-bae2-f2d39d6c5acf,sacculated.barcelona,available,38.98,38.98,high,medium,10,namecheap,,,09/09/2026 20:36
563bcef6-b696-4398-9371-4fc5b4865da4,hayseed.barcelona,available,38.98,38.98,medium,low,7,namecheap,,,21/08/2026 08:05
87039774-d682-48fb-aa6b-e8a7bb01401c,cutaneous.barcelona,available,39.99,42.99,medium,low,9,name.com,,,13/08/2026 12:54
175b471c-62d0-4d29-be94-e18c872f6154,gluey.barcelona,available,38.98,38.98,medium,low,5,namecheap,,,20/08/2026 15:16
ce4c0b28-036f-4799-b02e-67c161a1bf47,binoculars.barcelona,available,38.98,38.98,high,low,10,namecheap,,,23/09/2026 17:37
07a1dc4a-735c-492f-a7f5-b7925b95cd2b,approx.barcelona,available,38.98,38.98,medium,low,6,namecheap,,,27/09/2026 02:29
bdd6cf9a-4d91-4ffa-97ac-dbf977a0cc7c,wines.barcelona,available,38.98,38.98,high,low,5,namecheap,,,18/09/2026 10:23
559b82ff-6471-46d7-9fe1-16e53bc58d85,trimox.barcelona,available,38.98,38.98,medium,low,6,namecheap,,,18/09/2026 22:57
1b1a697d-6095-4bcd-9379-a116460c8a32,surfer.barcelona,available,38.98,,high,low,6,namecheap,,,
0933bd3c-33b8-4954-bf14-f48ec6742b01,bearberry.barcelona,available,38.98,38.98,medium,low,9,namecheap,,,22/09/2026 20:57
ce58cca0-0fec-4503-8a25-b962fa133361,dishonest.barcelona,available,38.98,38.98,medium,low,9,namecheap,,,11/08/2026 03:44
0a7655ad-7ea6-41e2-b5b8-074ed68e118d,furniture.barcelona,available,38.98,38.98,high,low,9,namecheap,,,20/09/2026 11:14
eabdf9d9-d2e5-44e1-9d5e-eabb2243a776,brackish.barcelona,available,38.98,38.98,medium,low,8,namecheap,,,11/08/2026 00:43
e36b3c11-9936-421d-b22e-62db29ddab1d,yucky.barcelona,available,38.98,38.98,medium,low,5,namecheap,,,14/08/2026 10:51
d6d11aeb-314a-4860-8de7-c60ffbe70670,dosed.barcelona,available,38.98,38.98,medium,low,5,namecheap,,,14/08/2026 16:24
70ff2ce8-f1e0-469b-b225-91f9030058b0,cloggy.barcelona,available,38.98,38.98,medium,low,6,namecheap,,,12/08/2026 11:46
48e06563-7573-49d0-81c0-1ca2557b032a,mown.barcelona,available,38.98,38.98,medium,low,4,namecheap,,,25/08/2026 09:14
01a4e2d0-4bf3-43e2-800f-d781f105d10d,revenant.barcelona,available,38.98,38.98,high,low,8,namecheap,,,09/09/2026 12:04
131622f3-66e2-4322-b802-16d6f91525e7,sexless.barcelona,available,38.98,38.98,medium,low,7,namecheap,,,10/09/2026 05:17
750bdacf-4f2e-43d2-b20b-7e18b80e69d0,ossiculate.barcelona,available,38.98,38.98,medium,low,10,namecheap,,,04/09/2026 18:24
8774269d-1905-4fc6-99e9-9c977ce06100,cosily.barcelona,available,38.98,38.98,medium,low,6,namecheap,,,14/09/2026 08:50
a49bf3e6-66b0-4a30-9014-ebdfe9f0bb65,niobium.barcelona,available,39.99,42.99,medium,low,7,name.com,,,20/09/2026 23:04
2494b873-ebd3-4719-a2ec-29470b29e58a,gave.barcelona,available,38.98,,medium,low,4,namecheap,,,
6816997f-6c85-4592-abe4-34ed97161228,federal.barcelona,available,38.98,38.98,high,low,7,namecheap,,,24/09/2026 17:28
6092f345-8d31-4860-bcb3-f7422387300d,acyclovir.barcelona,available,38.98,38.98,medium,low,9,namecheap,,,17/09/2026 05:41
e460fff0-95eb-45ab-a4d9-e027e8153e2e,drain.barcelona,available,38.98,38.98,high,low,5,namecheap,,,24/09/2026 23:49
05cbbe82-2395-46de-833c-75e129edbed7,judge.barcelona,available,38.98,38.98,high,low,5,namecheap,,,25/09/2026 05:43
32aed002-d6a9-4cd6-ae08-7201a1acc14a,thrashing.barcelona,available,38.98,38.98,medium,low,9,namecheap,,,13/09/2026 07:54
18aba0e4-0268-4f4a-9818-0190a925a602,collegiate.barcelona,available,38.98,38.98,high,low,10,namecheap,,,12/08/2026 17:08
7b7ef855-0952-43b8-83b3-35cb4c44c8b4,deadly.barcelona,available,38.98,38.98,medium,low,6,namecheap,,,22/09/2026 16:43
ee481405-57a4-49fa-9eaf-bc813b58ae0f,robin.barcelona,available,38.98,,high,low,5,namecheap,,,
295df4ea-40ea-4815-9fa7-9b98732ea190,starlike.barcelona,available,38.98,38.98,medium,low,8,namecheap,,,10/09/2026 18:54
7c252dfb-b8be-49e9-a480-dc2f8041a1f5,southern.barcelona,available,38.98,,high,low,8,namecheap,,,
94f2e7f6-575f-47be-8b12-04ce39876182,antagonist.barcelona,available,38.98,38.98,high,low,10,namecheap,,,17/09/2026 10:48
f9a4178f-863a-4188-a69c-534aad2f3d04,artillery.barcelona,available,38.98,38.98,high,low,9,namecheap,,,20/09/2026 11:43
0d6bd906-e026-458a-b912-5491baea2aa5,sotho.barcelona,available,38.98,38.98,high,low,5,namecheap,,,10/09/2026 14:39
065bd8e5-c088-40e2-b771-d0ed1aa85d0c,updated.barcelona,available,38.98,38.98,medium,low,7,namecheap,,,18/09/2026 06:09
17b428d9-d7cf-454a-ba9b-0ba0028d7741,appellant.barcelona,available,38.98,38.98,medium,low,9,namecheap,,,06/08/2026 06:23
20f7b16f-24db-487e-a0ef-53b405978d4b,biryani.barcelona,available,38.98,38.98,high,low,7,namecheap,,,23/09/2026 20:44
6d42bdbd-0d45-4130-9b2b-a1811fc7922b,podlike.barcelona,available,38.98,38.98,medium,low,7,namecheap,,,08/09/2026 22:31
b87214a1-2013-444f-b535-6a0c62b819b6,unshackled.barcelona,available,38.98,38.98,medium,low,10,namecheap,,,12/09/2026 04:58
4d00ccee-43ca-4197-bc31-bb0588656c44,vertex.barcelona,available,38.98,38.98,high,low,6,namecheap,,,19/09/2026 16:44
ec71bc08-c6c5-4dd3-a70b-5d85032a0fc7,illuminate.barcelona,available,38.98,38.98,high,low,10,namecheap,,,23/08/2026 02:47
9ed72461-5daa-43fc-b09d-0c622306d816,fancy.barcelona,available,38.98,38.98,high,low,5,namecheap,,,24/09/2026 16:32
7a2f9056-e55d-4344-8054-4934bfb4612a,vindictive.barcelona,available,38.98,38.98,medium,low,10,namecheap,,,14/08/2026 04:21
d5e0b4b1-b2e8-4ad9-8b9b-bc559d0a9705,windswept.barcelona,available,38.98,38.98,high,low,9,namecheap,,,13/09/2026 12:16
95a638d4-6848-466c-9e9c-abfc01a43e59,sioux.barcelona,available,38.98,38.98,high,low,5,namecheap,,,10/09/2026 08:46
ab453f3d-34ea-408f-85bf-e5b742f6887f,stacks.barcelona,available,38.98,38.98,high,medium,6,namecheap,,,14/09/2026 23:24
dac98dcd-d1f7-4b29-abb4-8130e0222e42,summer.barcelona,available,38.98,38.98,high,low,6,namecheap,,,27/09/2026 05:34
d7297724-dde6-4928-ab87-d2ce16849789,straighten.barcelona,available,38.98,38.98,high,low,10,namecheap,,,11/09/2026 15:43
7b8d0721-65b6-448a-ae38-b9312227aca5,stroppy.barcelona,available,38.98,38.98,medium,low,7,namecheap,,,10/08/2026 17:59
e9f8049e-1d17-48ec-889f-ac84127d1536,avionics.barcelona,available,38.98,38.98,high,low,8,namecheap,,,21/09/2026 09:35
b95a6c26-98ec-452e-98db-0dff52a8a46a,astound.barcelona,available,38.98,,high,low,7,namecheap,,,
c6313744-250d-4aee-a117-3132c9e629ec,appreciates.barcelona,available,38.98,38.98,medium,low,11,namecheap,,,20/09/2026 20:35
304dc534-7a8c-43b0-bdcc-a84b1a95695e,lumpy.barcelona,available,38.98,38.98,medium,low,5,namecheap,,,12/08/2026 07:46
3715ddd2-510d-469e-b7d2-6143cba967ff,seven.barcelona,available,38.98,38.98,high,medium,5,namecheap,,,
b1d4d79f-f7bc-4329-b434-349d0df0e843,armpit.barcelona,available,38.98,38.98,high,low,6,namecheap,,,20/09/2026 07:34
c13d7251-d514-4547-a955-7ffb5e6d2e35,lace.barcelona,available,38.98,,high,low,4,namecheap,,,
b309cc95-89c0-4b73-ad8d-bad9f7bd52fa,overdress.barcelona,available,38.98,38.98,high,low,9,namecheap,,,21/09/2026 01:53
ae61767c-0b04-41de-9fd5-fab78ab1c0de,suicide.barcelona,available,38.98,38.98,high,low,7,namecheap,,,25/09/2026 05:57
09119eb5-f7b6-4e5b-81f3-a16f84ca76a2,unknowable.barcelona,available,38.98,38.98,medium,low,10,namecheap,,,12/09/2026 14:17
04dafb75-dc47-4844-98be-5f7191ec3f35,bearings.barcelona,available,38.98,38.98,medium,low,8,namecheap,,,20/09/2026 03:51
20b60839-72fa-4658-ad45-d02af6dc20ff,shamanism.barcelona,available,38.98,38.98,high,low,9,namecheap,,,20/09/2026 14:05
a42ff9fb-7036-4a36-b689-a9dd8f6f3788,dauntless.barcelona,available,38.98,38.98,high,low,9,namecheap,,,22/09/2026 12:12
8b02e660-23ea-46fa-ad6f-1b06dccd8324,sep.barcelona,available,38.98,,high,low,3,namecheap,,,
fe4d49fb-789a-4110-b664-2739aa92afa1,foundling.barcelona,available,38.98,38.98,medium,low,9,namecheap,,,16/09/2026 13:56
b176572f-706c-42b1-a5e0-8b4ea70a7386,oreo.barcelona,available,38.98,,high,low,4,namecheap,,,
84beceac-f3ce-4e44-b0a4-31296a5b5e31,formulated.barcelona,available,38.98,38.98,high,low,10,namecheap,,,18/08/2026 12:22
3e437689-3509-43c5-8a70-8dd5c261bda3,obtain.barcelona,available,38.98,,high,low,6,namecheap,,,
8a7f037f-9cd3-43d8-9e82-0d971fbb3081,hassium.barcelona,available,38.98,38.98,medium,low,7,namecheap,,,20/09/2026 22:10
9fcfdf14-491f-47b4-aeb7-4dc485722486,scraggy.barcelona,available,38.98,38.98,medium,low,7,namecheap,,,22/08/2026 12:02
2bdd8c09-f2ee-4a62-a1e7-4d6034479652,friends.barcelona,available,38.98,,high,medium,7,namecheap,,,
83a5ee0c-1990-4587-ab44-6969508d74d7,ametria.barcelona,available,38.98,38.98,medium,low,7,namecheap,,,18/09/2026 21:07
40396b60-7f0f-4e4e-900d-7d0645b73461,acantha.barcelona,available,38.98,38.98,medium,low,7,namecheap,,,16/09/2026 20:38
1ac93f6e-080a-4a91-a037-46091bb93688,stupidly.barcelona,available,38.98,38.98,medium,low,8,namecheap,,,14/09/2026 13:43
5ead80a0-b60b-4859-8b79-82a9233ed7e7,history.barcelona,available,38.98,,high,low,7,namecheap,,,
7058c74a-b72e-42eb-84ea-24d6d4659324,deltoid.barcelona,available,38.98,38.98,medium,low,7,namecheap,,,14/08/2026 00:50
089b0e04-c5f1-42f0-8c0f-35c2ea38270a,peeking.barcelona,available,38.98,,high,low,7,namecheap,,,
2eb7e843-1dc8-4015-96d8-09f2686561c4,materially.barcelona,available,38.98,38.98,medium,low,10,namecheap,,,15/09/2026 13:37
91d454e9-43bb-4e3e-b584-b4649793a289,schneider.barcelona,available,38.98,,high,low,9,namecheap,,,
f8581678-847f-44f6-831a-ad2142b845b2,fixing.barcelona,available,38.98,38.98,high,low,6,namecheap,,,18/09/2026 14:47
a9579609-a853-40bf-ad42-294b1c8a8ec4,felicitous.barcelona,available,38.98,38.98,medium,low,10,namecheap,,,18/08/2026 00:51
f80a5043-a3ce-4ea6-bd94-9120e7cb33f2,slowest.barcelona,available,38.98,38.98,medium,low,7,namecheap,,,16/09/2026 02:44
9076c989-7ae8-45ce-abaa-260ab079a011,betterment.barcelona,available,38.98,38.98,high,low,10,namecheap,,,18/09/2026 18:20
e07c85e1-2410-4965-9090-6257a0a7eb82,abby.barcelona,available,38.98,38.98,high,low,4,namecheap,,,27/09/2026 07:09
9c5bad4d-0f4d-43f5-a2cb-1d751206fdc0,polonium.barcelona,available,38.98,38.98,medium,low,8,namecheap,,,20/09/2026 23:54
e9d1bc45-d530-4bd9-882d-43244f1b4770,bangalore.barcelona,available,38.98,38.98,high,low,9,namecheap,,,22/09/2026 01:45
bc65e692-625d-4c35-bbbf-f4f061dce283,meantime.barcelona,available,39.99,42.99,high,low,8,name.com,,,25/09/2026 10:12
50a2ba66-8db3-4681-bb4f-2731118f4f6b,fatefully.barcelona,available,38.98,38.98,medium,low,9,namecheap,,,14/09/2026 17:53
236b87f0-5468-4ba1-8ea7-5fedc8e61f3f,assonance.barcelona,available,38.98,38.98,medium,low,9,namecheap,,,20/09/2026 16:32
d5cf7de5-81e4-45e1-a197-c69c4d9b1a36,godown.barcelona,available,38.98,,medium,low,7,namecheap,,,
0489f90d-11a8-4186-b448-ee2acda54918,sundays.barcelona,available,38.98,38.98,high,low,7,namecheap,,,18/09/2026 10:50
aca8d90d-0ca1-477c-9baf-5802402b626e,adventure.barcelona,available,38.98,,high,medium,9,namecheap,,,
5ce6fc2c-5d22-48c0-94d6-0d5c1eefae12,nanus.barcelona,available,38.98,38.98,medium,low,5,namecheap,,,24/08/2026 22:32
171f67cc-3f88-4fe8-86dd-ae821d71f1e6,feeding.barcelona,available,38.98,38.98,high,low,7,namecheap,,,25/09/2026 22:30
5edd64e3-7846-46b7-a390-41bfcc43a5fc,balcony.barcelona,available,38.98,38.98,high,low,7,namecheap,,,21/09/2026 21:28
174c3188-255b-4799-a5d7-dc9b6a9bfa67,patristic.barcelona,available,38.98,38.98,medium,low,9,namecheap,,,08/09/2026 10:38
23975bb3-8ebe-4962-affb-c357d8c0e171,mill.barcelona,available,38.98,,high,low,4,namecheap,,,
ba729a6e-8832-42de-b0a3-5fa1b5bf5f2a,ironical.barcelona,available,38.98,38.98,medium,low,8,namecheap,,,22/08/2026 10:06
aed5604c-1c0c-49ff-87e0-76b26b1e84d0,austrian.barcelona,available,38.98,38.98,high,low,8,namecheap,,,22/09/2026 13:38
18206dfc-5900-4739-9e8a-ca5ccd7bcd9b,necessary.barcelona,available,39.99,42.99,high,low,9,name.com,,,24/09/2026 15:21
c3a6b69e-8893-4381-8ec5-22959b026120,cunning.barcelona,available,38.98,38.98,high,low,7,namecheap,,,24/09/2026 01:26
4911f76c-22ab-46f6-b958-f20de03a61ec,squeaky.barcelona,available,38.98,38.98,medium,low,7,namecheap,,,10/09/2026 00:04
189e1df6-c4f3-4231-ab47-e9f99322bdbf,purebred.barcelona,available,38.98,38.98,high,medium,8,namecheap,,,09/09/2026 06:16
f5a61c90-ebe7-42bb-aee7-1d80884344ac,jugoslav.barcelona,available,38.98,38.98,high,low,8,namecheap,,,13/09/2026 14:52
793728cd-c965-461d-b0bb-50189d2e262b,generators.barcelona,available,38.98,,medium,low,10,namecheap,,,
a5e8b681-dd8b-449a-9cec-3186ca59fd9a,suomi.barcelona,available,38.98,38.98,high,low,5,namecheap,,,18/08/2026 05:05
5c76b76d-d627-45d9-a570-4b08b7b436dd,isotopic.barcelona,available,38.98,38.98,medium,low,8,namecheap,,,22/08/2026 11:26
423fb406-e78f-4894-abca-05c7c6c02b5f,motions.barcelona,available,38.98,38.98,high,low,7,namecheap,,,18/09/2026 00:16
2cb38822-a86f-40b1-9f0f-27fb95292e30,separated.barcelona,available,38.98,38.98,medium,low,9,namecheap,,,19/09/2026 04:08
a067bba9-cfb9-4df2-ab77-12f29ae0065a,ellipsoid.barcelona,available,38.98,38.98,medium,low,9,namecheap,,,16/08/2026 04:37
91c3f00a-0e49-4812-b304-42f695ef99ad,astaire.barcelona,available,38.98,38.98,medium,low,7,namecheap,,,20/09/2026 16:54
e39284e3-7c4e-4b40-9d29-7a51cf71ec99,baby.barcelona,available,38.98,,high,low,4,namecheap,,,
1e592ffd-f71f-4d4d-b90f-dfbe4ccaf157,excited.barcelona,available,38.98,38.98,high,low,7,namecheap,,,24/09/2026 15:55
b203f4a2-32ef-4620-8116-2e48817e4e9b,assail.barcelona,available,38.98,38.98,medium,low,6,namecheap,,,20/09/2026 15:49
4bf937f3-205a-4636-8bcb-9f1a9b76ddde,squinty.barcelona,available,38.98,38.98,medium,low,7,namecheap,,,07/08/2026 03:20
13d3a7d0-b3fa-4b1f-a086-4c41e55885e7,annalist.barcelona,available,38.98,38.98,medium,low,8,namecheap,,,19/09/2026 10:03
24a80b92-4974-4008-a655-b2ba826cbd9f,town.barcelona,available,38.98,,high,low,4,namecheap,,,
3d3bf4bb-d459-4de7-93ef-379d1975097c,flint.barcelona,available,38.98,38.98,high,low,5,namecheap,,,18/08/2026 08:20
391444e5-7d2f-4436-97e0-cdab06e8e009,ballot.barcelona,available,38.98,38.98,high,low,6,namecheap,,,21/09/2026 23:15
15260719-c2e8-47cf-8593-6e806052e769,saccade.barcelona,available,38.98,38.98,medium,low,7,namecheap,,,22/08/2026 12:47
27325476-bed8-41a0-a4e2-658cb1737992,piebald.barcelona,available,38.98,38.98,medium,low,7,namecheap,,,03/09/2026 10:37
5af65b3d-b2ee-4603-90c5-56cc87177139,semifinal.barcelona,available,38.98,38.98,high,low,10,namecheap,,,16/09/2026 09:45
4620f07d-9e5d-448c-b8fa-681dbfccb21e,methodist.barcelona,available,38.98,38.98,high,low,9,namecheap,,,24/08/2026 21:58
f4e7f093-02aa-4954-b023-7ac6e08b6e0f,disgusted.barcelona,available,38.98,38.98,medium,low,9,namecheap,,,14/08/2026 10:30
d51ad34d-74e1-4fee-b616-ff6a6a2ee864,antalya.barcelona,available,38.98,38.98,high,low,7,namecheap,,,17/09/2026 06:10
4caccbc3-d4a0-4e8e-bf0c-5fd389d47565,acinous.barcelona,available,38.98,38.98,medium,low,7,namecheap,,,
ec561847-a3b6-4253-b78d-4f992582e642,quaternion.barcelona,available,38.98,38.98,medium,low,10,namecheap,,,
cac14e77-2333-41c6-8c91-44f4b1774805,hubert.barcelona,available,38.98,38.98,medium,low,6,namecheap,,,25/09/2026 16:58
b1c5f815-c18c-4dad-8043-b3cf0f9ac01b,negotiations.barcelona,available,38.98,38.98,medium,low,12,namecheap,,,17/09/2026 08:01
5816c7e3-bb30-40da-a5d7-6804acfcf9be,beverly.barcelona,available,38.98,38.98,high,low,7,namecheap,,,25/09/2026 21:21
2f3c7a9d-ddb5-4c4c-972d-75265f439268,extravert.barcelona,available,38.98,38.98,high,low,9,namecheap,,,17/08/2026 19:28
6b77e3f1-3c40-4105-92ee-5bfabc58a715,makings.barcelona,available,38.98,38.98,high,low,7,namecheap,,,20/09/2026 04:27
d485c8a0-6fab-4953-8f79-7a91ef70d358,inspect.barcelona,available,38.98,38.98,high,low,7,namecheap,,,21/09/2026 03:08
7981e15d-0a5a-4d7c-b599-2735d33e15e4,asclepius.barcelona,available,38.98,38.98,medium,low,9,namecheap,,,17/09/2026 13:21
22b4670a-6170-442a-a0b0-3c7900339275,ticking.barcelona,available,38.98,,high,low,7,namecheap,,,
56165eb2-3ad6-40b8-8ef1-1f7421ff3bda,dorsum.barcelona,available,38.98,38.98,high,low,6,namecheap,,,08/08/2026 05:12
0c093506-4791-4486-93e1-47e72b2ccd5e,approving.barcelona,available,38.98,38.98,medium,low,9,namecheap,,,06/08/2026 08:49
961d3578-703a-4fd1-a8d3-682ab57bf5bc,reaching.barcelona,available,38.98,38.98,high,low,8,namecheap,,,20/09/2026 09:16
dc61b272-7378-4017-9770-88d148b74abc,dior.barcelona,available,38.98,38.98,high,medium,4,namecheap,,,24/09/2026 14:51
b5e740d9-5f3d-4dc2-b166-1b96976c9b6a,amphibious.barcelona,available,38.98,38.98,medium,low,10,namecheap,,,
4bf7037d-5d71-4662-afc2-d350eaa0a962,deceitful.barcelona,available,38.98,38.98,medium,low,9,namecheap,,,13/08/2026 21:06
ebe38c0f-9924-4836-be54-0af55dfcb9bd,deepen.barcelona,available,38.98,38.98,high,low,6,namecheap,,,12/08/2026 19:32
cc54c39b-e902-48ec-b75e-5c0d4f04d457,anvers.barcelona,available,38.98,38.98,medium,low,6,namecheap,,,19/09/2026 15:49
de4b6b42-1fe8-41d3-831c-c05d107da997,eviction.barcelona,available,38.98,38.98,high,low,8,namecheap,,,24/09/2026 17:35
f2d891ba-4a21-4dd1-bfd4-cc6c3c3af627,stressed.barcelona,available,38.98,38.98,medium,low,8,namecheap,,,10/09/2026 22:30
a2365a7f-35e9-45f7-b9ef-2e1429007e68,gainly.barcelona,available,38.98,38.98,medium,low,6,namecheap,,,18/08/2026 19:33
47c91a55-973b-4434-89b3-f0a9bda7b121,fantastic.barcelona,available,38.98,38.98,high,medium,9,namecheap,,,22/09/2026 06:18
5c658e7a-b292-4fe5-9878-d7ce2cdde8a8,hemic.barcelona,available,38.98,38.98,low,low,5,namecheap,,,20/08/2026 21:49
21dee2fd-e743-4cc9-b985-175eb747de9c,rudderfish.barcelona,available,38.98,38.98,medium,low,10,namecheap,,,22/09/2026 01:07
b8d9e8c8-d01a-4ee8-b371-d6d093813da8,ratable.barcelona,available,38.98,38.98,high,medium,7,namecheap,,,09/09/2026 10:31
c0833722-30b2-4fdf-8dd5-ca9095264f9c,underground.barcelona,available,,,high,low,11,,,,26/09/2026 00:51
17d062b1-dc89-4706-bd4e-78045985fd6d,germinal.barcelona,available,38.98,38.98,medium,low,8,namecheap,,,18/08/2026 22:49
0120f0a1-22ae-4e06-8e74-aaa8a0d3f3e1,cager.barcelona,available,38.98,38.98,medium,low,5,namecheap,,,22/09/2026 11:27
72457da1-5729-4f96-bbd8-500c38fcb44f,autofocus.barcelona,available,38.98,38.98,high,low,9,namecheap,,,21/09/2026 06:19
b1848a3d-9e10-41a8-a046-19dcd59ef585,affiliate.barcelona,available,38.98,,high,low,9,namecheap,,,
3a873e70-7069-4731-bb3e-d740e07e4670,lxxxii.barcelona,available,38.98,38.98,medium,low,6,namecheap,,,
c402baac-fe19-42ed-83bb-14819a93fdc1,cloak.barcelona,available,38.98,38.98,high,medium,5,namecheap,,,24/09/2026 15:49
d0895374-ed2a-4e4f-87de-987f6d9dad98,mistakes.barcelona,available,39.99,42.99,medium,low,8,name.com,,,16/09/2026 10:20
eaf50030-e113-48f4-a63f-fb8944fc06de,jealous.barcelona,available,38.98,38.98,high,low,7,namecheap,,,24/09/2026 01:04
89f8c51b-e575-49d1-8e47-438dc4d32359,reprint.barcelona,available,38.98,38.98,high,low,7,namecheap,,,10/09/2026 04:03
9203b2d1-bb4f-40ce-ad22-aaeee79bd8db,convict.barcelona,available,38.98,38.98,high,low,7,namecheap,,,24/09/2026 17:58
2df61c92-f1e3-4fea-ae76-1a01503e6656,apatite.barcelona,available,38.98,38.98,medium,low,7,namecheap,,,19/09/2026 16:18
7a953dea-0dd8-44c1-b5b2-a31dbd9af8c8,buttons.barcelona,available,38.98,,high,low,7,namecheap,,,
103cdb1a-0552-4e13-a692-92f5ce8eb32b,subaltern.barcelona,available,38.98,38.98,medium,low,9,namecheap,,,22/08/2026 14:29
e07d6190-ae57-452c-a2de-f591515a49d8,mirrored.barcelona,available,38.98,38.98,high,low,8,namecheap,,,25/08/2026 01:11
3ef0d5a1-2e71-4ea5-bd75-b4435ff78261,drove.barcelona,available,38.98,38.98,high,low,5,namecheap,,,25/09/2026 22:29
57ac096e-554f-4fca-a310-7ea53278ae11,corrosion.barcelona,available,38.98,38.98,high,low,9,namecheap,,,24/09/2026 18:21
ea28ccc0-4d7f-4bcd-a035-db3518efda4e,singable.barcelona,available,38.98,38.98,high,medium,8,namecheap,,,10/09/2026 08:19
6da6853b-142e-4beb-9d9b-8c7ad809dfa9,gum.barcelona,available,38.98,38.98,high,low,3,namecheap,,,24/09/2026 14:25
fbe89962-d8c8-417c-acc1-d10b7c7ae69e,almagrib.barcelona,available,38.98,38.98,medium,low,9,namecheap,,,24/08/2026 16:25
3def2166-d8b9-441a-afc2-52c8ac6a16b7,exalt.barcelona,available,38.98,38.98,high,low,5,namecheap,,,
c62cd5b6-5255-42bc-a134-d33ad832d88b,bet.barcelona,available,38.98,38.98,high,medium,3,namecheap,,,23/09/2026 10:50
8895161b-83a2-47e4-9331-262b571327bd,conduit.barcelona,available,38.98,38.98,high,low,7,namecheap,,,24/09/2026 17:11
b9079923-3de0-48a4-b228-7bdb5a446f83,und.barcelona,available,38.98,38.98,high,low,3,namecheap,,,25/09/2026 11:22
de574bb8-30b9-4c7c-b7d6-0d666a22f1f4,thieves.barcelona,available,38.98,38.98,medium,low,7,namecheap,,,16/09/2026 11:41
d0ae0851-019d-42bc-bc12-4796f0b9644f,identify.barcelona,available,38.98,38.98,high,low,8,namecheap,,,25/09/2026 12:36
c88ba5e9-e1a7-4b12-a602-00e3f4454541,rite.barcelona,available,38.98,38.98,high,low,4,namecheap,,,09/09/2026 18:03
b19a34a3-73fd-49d9-92d4-cdd0322ec315,finals.barcelona,available,38.98,38.98,high,low,6,namecheap,,,18/09/2026 22:07
3ce27c1c-9578-42b2-bb83-5009a2ea431d,ariled.barcelona,available,38.98,38.98,medium,low,6,namecheap,,,06/08/2026 19:09
ed01c507-ac12-4224-9b34-bc57a0af2c3c,afflicted.barcelona,available,38.98,38.98,high,low,9,namecheap,,,
c45ea552-57b7-4fbe-a1ac-c63d566e9e1d,quiz.barcelona,available,38.98,38.98,high,low,4,namecheap,,,27/09/2026 02:23
9569c22d-5414-4937-b851-6c3533a5ca32,david.barcelona,available,38.98,,high,medium,5,namecheap,,,
ad56922b-9ec5-4c14-a6d2-559792cd54bc,gomez.barcelona,available,38.98,38.98,high,low,5,namecheap,,,25/09/2026 16:06
340c7f89-2114-4ceb-98b0-10212884e231,biased.barcelona,available,38.98,38.98,medium,low,6,namecheap,,,09/08/2026 18:36
98b98a53-a3eb-43d4-8ca9-60aee9142c4d,serenity.barcelona,available,38.98,38.98,high,low,8,namecheap,,,20/09/2026 19:39
94177bb6-007e-4523-be4f-31a383399c33,sidereal.barcelona,available,38.98,38.98,high,medium,8,namecheap,,,10/09/2026 07:46
daacaad0-84da-468a-831f-8c4bc665c81f,blasting.barcelona,available,38.98,38.98,high,low,8,namecheap,,,10/08/2026 13:10
a1aaec7e-562c-4e41-a3f4-63893e8b67a3,told.barcelona,available,38.98,,medium,low,4,namecheap,,,
124d0a3a-bda3-4af9-b3cb-56f90353aecb,affirmative.barcelona,available,38.98,,high,low,11,namecheap,,,
962c8a2f-cf88-4a82-91cc-da07d9d30ad6,thespian.barcelona,available,38.98,38.98,high,low,8,namecheap,,,11/09/2026 13:05
73370604-82dc-41f8-b85b-e7c650b0c181,buses.barcelona,available,38.98,38.98,medium,low,5,namecheap,,,18/09/2026 13:34
9550aaf4-f279-4405-970d-937122833838,crass.barcelona,available,38.98,38.98,medium,low,5,namecheap,,,13/08/2026 05:23
241f9bf9-1744-441b-8c48-7c2113f23785,greyish.barcelona,available,38.98,38.98,medium,low,7,namecheap,,,20/08/2026 18:54
31c61dcf-177b-48ca-adcc-b8032f3d0b05,intrepid.barcelona,available,38.98,38.98,high,low,8,namecheap,,,22/09/2026 12:24
83403a22-9411-477b-aaed-9ded8a14bb61,bluster.barcelona,available,38.98,38.98,medium,low,7,namecheap,,,11/08/2026 01:07
29bd3423-41b7-4cb4-b9d8-accc9ccb0fd3,orchestrated.barcelona,available,38.98,38.98,high,low,12,namecheap,,,16/09/2026 23:12
e1aced63-91b3-462c-8099-a7b25eb39a95,savings.barcelona,available,38.98,38.98,high,low,7,namecheap,,,26/09/2026 03:10
41724c17-88a9-4839-bf9d-562cf28421b6,prizes.barcelona,available,38.98,38.98,high,low,6,namecheap,,,20/09/2026 04:19
8e12f784-729e-467f-8bc9-5a32a9e8769d,freeway.barcelona,available,38.98,,high,low,7,namecheap,,,
964d159b-1db1-4354-b353-bf0a6421b1c7,resentment.barcelona,available,38.98,38.98,medium,low,10,namecheap,,,23/09/2026 23:03
e1e107ae-2a03-4aef-8b36-b9b66a4d34ab,olive.barcelona,available,38.98,,high,low,5,namecheap,,,26/09/2026 00:11
7b96a3d6-6090-47a8-966a-d5ceb4b1f0ab,sip.barcelona,available,38.98,,high,low,3,namecheap,,,
9ea9a346-66a4-4e12-ae02-cc21ae31b5f1,beard.barcelona,available,38.98,38.98,high,low,5,namecheap,,,22/09/2026 21:01
79a4f817-8336-4f01-abe8-d8e2bee49f83,loyola.barcelona,available,38.98,38.98,high,low,6,namecheap,,,25/09/2026 07:44
deb47236-93e5-457f-be2e-5d20581d21a9,precatory.barcelona,available,38.98,38.98,high,medium,9,namecheap,,,09/09/2026 01:11
6302a0f7-226d-47bc-b95e-e1cd6a6bf44b,watt.barcelona,available,38.98,,high,low,4,namecheap,,,
08965cad-5168-47a9-831f-b8699489f570,shh.barcelona,available,38.98,,high,low,3,namecheap,,,
d37522cf-7657-4f9d-b4db-4432d50a910b,oblique.barcelona,available,38.98,38.98,high,low,7,namecheap,,,14/08/2026 05:11
8842b57d-9b88-4a13-aa9b-b1915f500ad3,criminal.barcelona,available,38.98,38.98,high,low,8,namecheap,,,23/09/2026 19:22
00d45e9f-04b8-4dec-8886-e6f54b46ceb9,roma.barcelona,available,38.98,38.98,high,low,4,namecheap,,,10/08/2026 17:30
77eca378-cf0f-48b0-a1ef-3fb002b1fdd1,bunny.barcelona,available,38.98,,high,low,5,namecheap,,,
cc79f604-4912-48e9-a2ec-c9daef4c2394,dissolver.barcelona,available,38.98,38.98,medium,low,9,namecheap,,,10/09/2026 13:52
90423077-4df0-4fe6-b9f4-6c512e895e2c,appalled.barcelona,available,38.98,38.98,medium,low,8,namecheap,,,
1dd368ad-4e4e-44b9-a2bb-f0552f886c98,typing.barcelona,available,38.98,,high,low,6,namecheap,,,
7106d2d6-a769-4746-8444-45074257affd,waggon.barcelona,available,38.98,38.98,high,low,6,namecheap,,,22/09/2026 19:02
670c3877-7be9-4cf7-ac0f-7f90afe1a0c9,blazon.barcelona,available,39.99,42.99,high,low,6,name.com,,,24/09/2026 05:05
6b20a3a6-1d2b-4846-a3c5-6d764e027cea,amaurosis.barcelona,available,38.98,38.98,medium,low,9,namecheap,,,18/09/2026 16:17
4898a3d0-b685-461d-8197-ea401d0eb857,mucose.barcelona,available,38.98,38.98,medium,low,6,namecheap,,,03/09/2026 10:16
60ce2012-fff1-410e-b066-a504f12d2f30,datable.barcelona,available,39.99,42.99,medium,low,7,name.com,,,13/08/2026 18:36
e4d71dcd-a3bd-4a76-9eac-c514edccd25d,sopping.barcelona,available,38.98,38.98,medium,low,7,namecheap,,,14/09/2026 14:30
688fc3b5-c49c-499d-b0ab-732fd51c0c6c,items.barcelona,available,38.98,38.98,medium,low,5,namecheap,,,23/09/2026 02:55
8504742e-9a1d-4b42-8886-642d14bec609,wanton.barcelona,available,38.98,38.98,high,low,6,namecheap,,,25/08/2026 07:57
a118f4e2-d26f-4a30-ad10-ddb32a134d58,unused.barcelona,available,38.98,,medium,low,6,namecheap,,,
3ed0131e-d615-47ed-b26d-02f7dac5d0bb,aspherical.barcelona,available,38.98,38.98,medium,low,10,namecheap,,,07/08/2026 04:57
f5e6ed66-abc8-43a8-a524-9284408e4cbe,argive.barcelona,available,38.98,38.98,high,low,6,namecheap,,,06/08/2026 18:27
37d059b6-edd3-4740-8467-de637311bf13,off.barcelona,available,38.98,38.98,high,low,3,namecheap,,,22/09/2026 14:54
cf92bc7d-577d-4c38-b93d-a9396efee340,smelly.barcelona,available,38.98,38.98,high,low,6,namecheap,,,18/08/2026 02:31
26aa3a3c-c0e7-4f35-92d6-c25fceb6e9ff,potbound.barcelona,available,38.98,38.98,medium,low,8,namecheap,,,09/09/2026 00:44
9559b40a-c8be-44bc-8884-d867c58f04bc,defiant.barcelona,available,38.98,38.98,high,medium,7,namecheap,,,13/08/2026 23:21
92cb6b38-9d90-4ca5-94ec-dd51fe8c47a0,sluttish.barcelona,available,38.98,38.98,medium,low,8,namecheap,,,10/08/2026 15:45
aff8919b-cf2f-4d53-9324-3caf0bb19b0d,carmelite.barcelona,available,38.98,38.98,high,low,9,namecheap,,,11/08/2026 19:22
252affff-52bd-4480-bb77-7bc64461bf29,mueller.barcelona,available,38.98,38.98,high,low,7,namecheap,,,26/09/2026 03:22
7d8b50d3-0a7b-4d89-afb4-30d7f557e998,due.barcelona,available,38.98,38.98,high,low,3,namecheap,,,22/09/2026 09:27
b34ffbda-e75a-4868-94e1-e62e21ce4984,churchly.barcelona,available,38.98,38.98,medium,low,8,namecheap,,,12/08/2026 07:48
2db84463-52b0-4317-9af6-7e877ca722d5,clamor.barcelona,available,38.98,38.98,high,low,6,namecheap,,,10/08/2026 13:15
d4015f51-e0f6-41d3-a980-0ea83e8814a2,penniless.barcelona,available,38.98,38.98,medium,low,9,namecheap,,,21/08/2026 00:34
1a3a160b-1195-4ed3-b4e3-1f1eb8688fc0,weiss.barcelona,available,38.98,38.98,high,low,5,namecheap,,,25/09/2026 15:49
1b68c568-681e-4c33-87d5-6d8361fd2037,standing.barcelona,available,38.98,,high,low,8,namecheap,,,
d06af223-f022-4a39-9d8f-d6bf2faa5ca9,acarpous.barcelona,available,38.98,38.98,medium,low,8,namecheap,,,
5904d682-23d8-4c87-b048-96d7ad2e4650,varied.barcelona,available,38.98,,high,low,6,namecheap,,,
917e8554-b0cb-4b8f-8502-ab3b2715955e,grandmothers.barcelona,available,38.98,38.98,medium,low,12,namecheap,,,20/09/2026 18:06
f283be47-8ace-450c-ad06-cfb75aef862f,envelope.barcelona,available,38.98,38.98,high,low,8,namecheap,,,25/09/2026 22:36
33239dd9-7a5a-47e7-b159-62f73b1bdbf2,aas.barcelona,available,38.98,38.98,high,low,3,namecheap,,,16/09/2026 13:41
42a5a686-8875-4843-8d52-d7eea20857e9,dig.barcelona,available,39.99,42.99,high,low,3,name.com,,,24/09/2026 23:51
eb0f9090-e13f-47ea-9e49-9794f889d929,imagination.barcelona,available,38.98,,high,low,11,namecheap,,,
6c154bb2-c577-4afc-be4d-c4e732fbff15,souther.barcelona,available,38.98,38.98,high,medium,7,namecheap,,,10/09/2026 14:54
2dc46464-db58-4552-a6d3-f52941554f94,invariant.barcelona,available,38.98,38.98,high,low,9,namecheap,,,12/08/2026 22:54
af132dc8-697a-40c6-888f-d796e09956ac,explosive.barcelona,available,38.98,38.98,high,low,9,namecheap,,,17/08/2026 18:33
faa5dec8-5f36-4a16-ba10-c6a3ab82210b,send.barcelona,available,38.98,,high,low,4,namecheap,,,
5823958e-5967-414d-bd09-1025491c1570,scarred.barcelona,available,38.98,38.98,medium,low,7,namecheap,,,25/09/2026 17:02
ded7e932-2ab8-4de9-9855-ac7b85398a61,laziness.barcelona,available,38.98,,medium,low,8,namecheap,,,
4b08b9b6-e4b3-4825-bdd7-f08e4528e61d,suspects.barcelona,available,38.98,38.98,medium,low,8,namecheap,,,27/09/2026 03:17
19077c3a-4bb5-454e-9b17-9acd8e30673f,newcomer.barcelona,available,38.98,38.98,high,low,8,namecheap,,,18/08/2026 07:31
657bd60e-6304-4881-91a2-45915296dd50,goodenough.barcelona,available,38.98,,high,low,11,namecheap,,,
65f24135-9821-4685-ae0c-f3d2767811cc,jeer.barcelona,available,38.98,38.98,medium,low,4,namecheap,,,22/08/2026 12:37
858b37c3-0fe8-4f04-bac3-bc69ee9f03f9,agate.barcelona,available,38.98,38.98,high,low,5,namecheap,,,17/09/2026 16:25
cbdba871-1665-40a5-9dd8-486952b2738a,completed.barcelona,available,38.98,38.98,high,low,9,namecheap,,,23/09/2026 17:22
01d9b2b0-01ef-4188-90fa-74b3c6edd0ae,flavorous.barcelona,available,38.98,38.98,medium,low,9,namecheap,,,18/08/2026 07:08
a638ca12-a557-435e-baa2-dd6c6161f0c3,mockery.barcelona,available,38.98,38.98,high,low,7,namecheap,,,22/08/2026 12:39
825c94fb-823a-4a63-8ccd-d3a6f1379dae,algebra.barcelona,available,38.98,38.98,high,low,7,namecheap,,,18/09/2026 06:54
0f122e84-9016-43c2-a1e8-9f004c95b778,retirement.barcelona,available,38.98,,high,low,10,namecheap,,,
dfe45948-a840-48b3-aefc-63eebaa3e1e7,bighorn.barcelona,available,38.98,38.98,high,low,7,namecheap,,,23/09/2026 15:10
c3b55c0b-ac31-4ebc-bc5c-2a947dbcbeb0,guarded.barcelona,available,38.98,38.98,high,low,7,namecheap,,,20/08/2026 20:41
d5550f1e-716e-4c98-aa67-a1a684bfccdf,tutelary.barcelona,available,38.98,38.98,medium,low,8,namecheap,,,13/08/2026 12:21
7ca7d370-6b31-44d2-9fa1-70f0aab55bda,just.barcelona,available,38.98,38.98,high,medium,4,namecheap,,,24/09/2026 14:47
1bf1910e-8bb2-420d-8566-ce559e9dd501,established.barcelona,available,38.98,,high,low,11,namecheap,,,
263e7b20-5e4a-4c71-bd88-d9acb0b248a9,limbic.barcelona,available,38.98,38.98,medium,low,6,namecheap,,,23/08/2026 11:49
e41cbd8d-2eac-406c-8495-740921ff7b33,aesthete.barcelona,available,38.98,38.98,high,low,8,namecheap,,,17/09/2026 13:35
52bedc3b-aca7-4821-91d0-dd8d23c7e573,class.barcelona,available,38.98,,high,low,5,namecheap,,,
3f3eca6f-4df7-44c5-b2de-66245fb4a2a6,sucked.barcelona,available,38.98,38.98,medium,low,6,namecheap,,,18/09/2026 04:29
44f3e12c-0318-4ca6-a0c8-162e8ed71fce,offices.barcelona,available,38.98,38.98,medium,low,7,namecheap,,,18/09/2026 05:07
49b43757-1812-4bfa-8cdd-492254ca4601,moonfish.barcelona,available,38.98,38.98,medium,low,8,namecheap,,,20/09/2026 21:37
6ae8c5e4-bf5f-4e9d-ae2c-d7fec930f52f,entrance.barcelona,available,38.98,38.98,high,low,8,namecheap,,,22/08/2026 01:46
e05d0958-00f8-4027-b202-899417163654,addiction.barcelona,available,38.98,38.98,high,low,9,namecheap,,,17/09/2026 06:53
3932d6b9-e04a-4c20-a586-16277706202e,airliner.barcelona,available,38.98,38.98,high,low,8,namecheap,,,17/09/2026 23:14
5ec86266-6c72-4c57-98d4-5c8b6a4e6bcb,accountant.barcelona,available,38.98,38.98,high,low,10,namecheap,,,16/09/2026 23:11
5a2b0303-d361-4118-89d7-87fd8efaaf6f,hour.barcelona,available,38.98,,high,low,4,namecheap,,,
b99395ff-24d3-4c57-b18c-f79b032f1161,rex.barcelona,available,38.98,38.98,high,low,3,namecheap,,,27/09/2026 04:37
b1a52810-458e-48eb-84e4-348e75a7b6ff,unattended.barcelona,available,38.98,38.98,medium,low,10,namecheap,,,12/09/2026 01:17
7606d0b2-9bbc-4580-b4ee-db765af4fdd8,erst.barcelona,available,38.98,38.98,medium,low,4,namecheap,,,17/08/2026 13:07
8c06661b-8250-438e-98bb-2ed754448864,apart.barcelona,available,38.98,38.98,high,low,5,namecheap,,,22/09/2026 07:07
23ad7892-20fc-4623-8db4-575741802773,estimating.barcelona,available,38.98,,medium,low,10,namecheap,,,
7ca81389-fb8f-4087-b7d3-1bac89d998c8,subjective.barcelona,available,38.98,38.98,high,low,10,namecheap,,,25/09/2026 07:50
84a1fe0b-d79f-4195-8261-b62a9e8e93a9,balagan.barcelona,available,39.99,42.99,medium,low,7,name.com,,,21/09/2026 20:48
d3bdf6cb-013a-400f-88d4-14d6c00cc1a1,blixen.barcelona,available,38.98,38.98,medium,low,6,namecheap,,,22/09/2026 07:24
331b8c7f-8d7f-49d0-8168-8b034e2e8bae,caddish.barcelona,available,38.98,38.98,low,low,7,namecheap,,,11/08/2026 12:43
09cfd4bb-e2aa-4d81-b1af-629846744cdd,pipe.barcelona,available,38.98,,high,low,4,namecheap,,,
7725bb6b-dd6d-4de8-a8dd-51035000158b,portsmouth.barcelona,available,38.98,38.98,high,low,10,namecheap,,,25/09/2026 10:02
3548fb99-0d6b-4b0f-836d-34f77030f028,ingress.barcelona,available,38.98,38.98,medium,low,7,namecheap,,,22/08/2026 01:52
df13f403-a098-4cbf-9c89-8cf8d80f26d3,obnubilate.barcelona,available,38.98,38.98,medium,low,10,namecheap,,,03/09/2026 23:55
1650974f-eb47-403f-86f0-1136e97ad38d,fell.barcelona,available,38.98,38.98,medium,low,4,namecheap,,,08/08/2026 15:49
eba6b408-e493-48bb-aecc-2b38f951e42a,broadband.barcelona,available,38.98,38.98,high,low,9,namecheap,,,23/09/2026 09:40
5cd2a142-5b8f-4b57-8ce9-a899ae5b2ac8,explained.barcelona,available,38.98,38.98,medium,low,9,namecheap,,,17/09/2026 15:48
d7541585-edcd-44f0-b81f-2168e8fadb34,raft.barcelona,available,38.98,38.98,high,low,4,namecheap,,,25/08/2026 00:40
093abdcf-13a1-464d-8fc3-818ff6da9492,stuff.barcelona,available,38.98,38.98,high,low,5,namecheap,,,25/09/2026 17:52
4d21f471-4953-4484-ba57-19e2a9c0f816,bye.barcelona,available,38.98,,high,low,3,namecheap,,,
52bc16bb-f784-4af8-adc1-df023c58ca8b,defending.barcelona,available,38.98,38.98,high,low,9,namecheap,,,13/08/2026 23:13
ec5e76e7-b50d-48cc-927a-56a916c1f5a2,passing.barcelona,available,38.98,38.98,high,low,7,namecheap,,,24/09/2026 14:24
a6c7a32e-0be6-42b2-b759-6681ae629fde,editor.barcelona,available,38.98,38.98,high,low,6,namecheap,,,25/09/2026 05:10
51bac02c-34ee-42af-9c91-377738460c41,gird.barcelona,available,38.98,38.98,medium,low,4,namecheap,,,20/09/2026 06:19
99cb1611-64cd-4091-bca3-ae3a77096a59,unsigned.barcelona,available,38.98,38.98,high,low,8,namecheap,,,12/09/2026 19:55
e3dd3d73-13b6-48d2-9f04-6d1928168ec7,puss.barcelona,available,38.98,38.98,high,medium,4,namecheap,,,09/09/2026 06:38
6a87a351-9879-4b1f-91f8-356be9c8947c,antony.barcelona,available,38.98,38.98,high,low,6,namecheap,,,19/09/2026 13:33
bd1e1ff2-e82a-46fb-98a8-291ef47896fd,attend.barcelona,available,38.98,,high,low,6,namecheap,,,
ead2b895-494f-43fa-b7c4-16bfa9a9e136,homophile.barcelona,available,38.98,38.98,high,low,9,namecheap,,,18/08/2026 20:56
20711440-f449-485f-b6eb-f00c54ce144a,cell.barcelona,available,38.98,,high,low,4,namecheap,,,
7c98c472-9cc3-42b1-9b0d-a698c9d74fbe,washy.barcelona,available,38.98,38.98,medium,low,5,namecheap,,,10/08/2026 13:56
18fc5e4f-658d-4513-a0b4-0d677660e54e,vinous.barcelona,available,38.98,38.98,medium,low,6,namecheap,,,13/09/2026 05:47
01fb37ae-37f0-4ab7-9c20-f51eeead0601,cop.barcelona,available,38.98,38.98,high,low,3,namecheap,,,20/09/2026 09:05
af7eb878-f370-445c-a6cf-6a0b80264eca,elisabeth.barcelona,available,38.98,38.98,high,low,9,namecheap,,,25/09/2026 14:58
e2b17f7c-78b5-487f-aa8a-327ba2a18816,isothermic.barcelona,available,38.98,38.98,medium,low,10,namecheap,,,22/08/2026 11:24
369ce5e3-f34a-47b8-a4de-23c24441c325,privacy.barcelona,available,39.99,42.99,high,medium,7,name.com,,,24/09/2026 17:03
cb3160cc-2519-4020-ae8d-cdf85ee46705,gimp.barcelona,available,38.98,38.98,medium,low,4,namecheap,,,23/08/2026 13:28
6df44dbc-fcdd-4f56-b29c-891a1b2bb324,inordinate.barcelona,available,38.98,38.98,medium,low,10,namecheap,,,17/08/2026 16:17
5d8424e2-f05f-42ee-a5ae-5f2d0c35e564,arrhythmia.barcelona,available,38.98,38.98,medium,low,10,namecheap,,,20/09/2026 09:13
cc5d6a1b-db98-48ea-b655-07a20770f3e2,signaling.barcelona,available,38.98,38.98,high,medium,9,namecheap,,,10/09/2026 08:00
92c20b7a-2d59-45af-a753-35e1d54d0aae,glooming.barcelona,available,38.98,38.98,medium,low,8,namecheap,,,20/08/2026 14:41
efb86210-41b5-412a-bad1-2a9610e273fe,outside.barcelona,available,38.98,38.98,high,low,7,namecheap,,,21/09/2026 23:49
339532de-d70b-4f46-9d20-a63cfd902781,oversewn.barcelona,available,38.98,38.98,medium,low,8,namecheap,,,04/09/2026 21:48
a7755dbc-5c8b-4c35-b795-27dbb0ea59b2,droll.barcelona,available,38.98,38.98,high,low,5,namecheap,,,14/08/2026 19:39
6b808fc6-3590-465e-a6fc-61dc4e68851b,refractile.barcelona,available,38.98,38.98,high,medium,10,namecheap,,,09/09/2026 12:47
1dd7a679-4f6b-41e3-a506-33cddc0f5161,sugared.barcelona,available,38.98,38.98,medium,low,7,namecheap,,,11/09/2026 01:16
dfe9eeab-5520-4a40-8bfb-19b78363e127,louis.barcelona,available,38.98,38.98,high,low,5,namecheap,,,25/09/2026 07:59
1491c4b0-a7e2-4ef0-8b6e-2298f14033d9,urgent.barcelona,available,38.98,38.98,high,low,6,namecheap,,,27/09/2026 06:05
0dbbb4eb-d815-419b-895a-487ea5d3cd49,goofy.barcelona,available,38.98,38.98,high,low,5,namecheap,,,12/08/2026 14:50
778b096a-5bc4-4b45-b913-182bf651f073,dewy.barcelona,available,38.98,38.98,medium,low,4,namecheap,,,09/08/2026 06:51
e7c9e059-1c03-47f6-b363-7303bd61bb55,cancun.barcelona,available,38.98,38.98,high,low,6,namecheap,,,24/09/2026 12:01
c0fd848e-df9c-4a28-a85d-a5a034e1e89a,alimony.barcelona,available,38.98,,medium,low,7,namecheap,,,
e873f5c1-de02-4e74-a7fc-bfdba7b06d0e,overrated.barcelona,available,38.98,38.98,medium,low,10,namecheap,,,18/09/2026 11:36
d385383c-3a52-48d2-9765-c061e9c0605a,caoutchouc.barcelona,available,38.98,38.98,high,medium,10,namecheap,,,09/09/2026 19:12
e8ed1994-fe22-4c56-b1fb-9453140c6047,aesthetics.barcelona,available,38.98,38.98,high,low,10,namecheap,,,17/09/2026 13:37
67e73d4c-d3f8-4e6f-9fd2-85ab99b0d425,hesperian.barcelona,available,38.98,38.98,medium,low,9,namecheap,,,21/08/2026 07:27
4cd3a8e8-eda7-43d7-be2c-0beb49887fb6,compile.barcelona,available,38.98,38.98,high,low,7,namecheap,,,08/09/2026 09:16
681ca24d-b0ae-4125-a937-205f77642bc5,unmarked.barcelona,available,38.98,38.98,medium,low,8,namecheap,,,04/09/2026 21:06
8495dede-4822-4e96-a4bb-0f1150321a7b,murders.barcelona,available,39.99,42.99,low,low,7,name.com,,,25/09/2026 21:34
acbd773b-f376-40ff-863b-055c28cb42b4,theorise.barcelona,available,38.98,38.98,high,low,8,namecheap,,,24/09/2026 17:20
08df38d8-dcd2-42e9-8bdf-eb9beab3128e,hieroglyph.barcelona,available,38.98,38.98,high,low,10,namecheap,,,21/08/2026 08:33
a4a12349-4a7c-4f0e-9ade-5ebf9f6effb3,dependance.barcelona,available,38.98,38.98,medium,low,10,namecheap,,,17/09/2026 06:55
6b20b5fc-c563-4210-a5b0-0ce201d3511f,honourable.barcelona,available,38.98,38.98,high,low,10,namecheap,,,21/08/2026 13:34
27cac639-6fd4-4aeb-9fc3-17e4b5030150,enumerable.barcelona,available,38.98,38.98,medium,low,10,namecheap,,,13/08/2026 03:30
cb11e49b-cbde-48a6-90af-115bcfde8ca5,howard.barcelona,available,38.98,38.98,high,low,6,namecheap,,,25/09/2026 04:08
32af9db1-7aec-4394-87d6-6415da9a3783,marty.barcelona,available,38.98,38.98,high,low,5,namecheap,,,25/09/2026 15:43
9742a1dc-13b0-4f31-bc48-d0d952dc6eba,baas.barcelona,available,38.98,38.98,high,low,4,namecheap,,,21/09/2026 12:09
9c2134f1-792d-46c5-b862-8b7a876c8590,caprine.barcelona,available,38.98,38.98,medium,low,7,namecheap,,,11/08/2026 18:06
2e88ab56-7b4e-4cbc-9fdb-03c5a0c100fc,liable.barcelona,available,38.98,,high,low,6,namecheap,,,
5cabdc26-a720-491c-a2ea-2727437a1391,untrusty.barcelona,available,38.98,38.98,medium,low,8,namecheap,,,12/09/2026 21:46
3f83a604-23f7-40fb-9db8-8ecb4d22e773,fondness.barcelona,available,38.98,38.98,high,low,8,namecheap,,,17/09/2026 14:17
7d7c48af-7fee-4b8f-b3e4-094e28238904,verbose.barcelona,available,38.98,38.98,medium,low,7,namecheap,,,24/08/2026 09:27
1cb28f9f-130a-438a-9419-917f595d0958,establishment.barcelona,available,38.98,,high,low,13,namecheap,,,
bc5968ae-aa4d-4a78-bb88-f10f7c87fb07,ventured.barcelona,available,38.98,38.98,medium,low,8,namecheap,,,25/09/2026 06:03
240c7665-a1bf-4316-9386-c54063775df0,said.barcelona,available,38.98,,high,low,4,namecheap,,,
001e69b2-ae52-4e7d-ba7d-c2bc8e99fa06,habit.barcelona,available,38.98,38.98,high,low,5,namecheap,,,25/09/2026 05:00
841bb128-1e8d-42b5-bfe0-cc7142e47726,technologies.barcelona,available,38.98,38.98,high,low,12,namecheap,,,25/09/2026 02:50
88471382-febd-4b7a-8888-ec60d7b63a34,zaman.barcelona,available,38.98,38.98,high,low,5,namecheap,,,18/09/2026 03:15
8ba1eeeb-e9ec-4a12-b719-e2bbb5a6c37d,bardic.barcelona,available,38.98,38.98,medium,low,6,namecheap,,,08/08/2026 18:00
81d70d58-6df5-4ae3-913a-f5a4e4aca616,annaba.barcelona,available,38.98,38.98,medium,low,6,namecheap,,,19/09/2026 10:03
e14a21e4-9959-441a-8132-c2d59ce54b2c,cling.barcelona,available,38.98,38.98,high,low,5,namecheap,,,24/09/2026 15:42
25cc0373-67b8-441a-bf13-20509427375c,seasonally.barcelona,available,38.98,38.98,medium,low,10,namecheap,,,16/09/2026 00:48
1a322c8e-ee8c-47c8-8a8a-2d7878878e43,unedited.barcelona,available,38.98,38.98,medium,low,8,namecheap,,,12/09/2026 08:51
ad94e3dc-756c-49db-bc5d-fdc615e9e530,discarded.barcelona,available,38.98,38.98,medium,low,9,namecheap,,,11/08/2026 20:21
0198417d-a410-4327-9165-63f3de4be49f,eyeless.barcelona,available,38.98,38.98,medium,low,7,namecheap,,,17/08/2026 20:02
21b38663-94fe-40de-99ec-c785224c12c9,nas.barcelona,available,38.98,38.98,high,medium,3,namecheap,,,25/09/2026 13:48
b87c3056-e403-4bb7-ae3f-6facef8961e8,pointer.barcelona,available,38.98,38.98,high,low,7,namecheap,,,20/09/2026 09:27
8c74943b-1f8c-4cff-a547-7f96678cfebc,takes.barcelona,available,38.98,,medium,low,5,namecheap,,,
68107997-c6dc-4f5f-97da-b440e208927e,humorless.barcelona,available,38.98,38.98,medium,low,9,namecheap,,,21/08/2026 15:23
0eff9832-a18f-4fc6-b50c-f387bf2f52e7,written.barcelona,available,38.98,,high,low,7,namecheap,,,
d631bd3d-22dc-4265-bba3-69a067e3061f,rarefy.barcelona,available,38.98,38.98,medium,low,6,namecheap,,,07/08/2026 15:31
1760779e-0b31-41fe-bcaf-ae77d3065a1c,stone.barcelona,available,38.98,38.98,high,low,5,namecheap,,,19/09/2026 11:54
c07b2688-6596-45ca-9098-a145fe556c41,imprisoned.barcelona,available,38.98,38.98,medium,low,10,namecheap,,,11/08/2026 18:22
6e2df8a0-fafb-4454-92e0-39f0f751ff55,psalms.barcelona,available,38.98,38.98,high,low,6,namecheap,,,24/09/2026 07:04
92b929fa-912b-4384-ab33-a91db0346871,secondary.barcelona,available,38.98,38.98,high,low,9,namecheap,,,25/09/2026 12:14
1a075d84-5b93-4d8d-8023-7d2f3ea89a24,auroral.barcelona,available,38.98,38.98,high,low,7,namecheap,,,22/09/2026 13:08
cbdc6532-720f-43d9-81be-12b1582b6a06,nutritious.barcelona,available,39.99,42.99,high,low,10,name.com,,,19/09/2026 11:02
94864d1c-6205-45b8-a811-5cc6b6cd8b25,suspension.barcelona,available,38.98,,high,low,10,namecheap,,,
156bf739-4872-4cdc-862f-6e9331721d06,hispanic.barcelona,available,38.98,38.98,high,low,8,namecheap,,,21/08/2026 09:44
15f8ca50-2e25-4f6a-b629-9249fb8c853d,proportion.barcelona,available,38.98,,high,low,10,namecheap,,,
c258e037-ac7b-44c4-b70f-6474ba828933,adds.barcelona,available,39.99,42.99,medium,low,4,name.com,,,18/09/2026 14:32
ba546dd2-ff10-4b06-a3e1-da8d20db1443,smoke.barcelona,available,38.98,,high,low,5,namecheap,,,
5438542c-927b-4686-a697-715ce4cf30cf,acervate.barcelona,available,38.98,38.98,medium,low,8,namecheap,,,
2ffa230e-52b8-4f97-914d-4676fd00ff20,unequalled.barcelona,available,38.98,38.98,high,low,10,namecheap,,,12/09/2026 09:11
91f1e73d-8e26-4457-b9db-2d5df6cde719,saved.barcelona,available,38.98,,high,low,5,namecheap,,,
13b8f5fd-418e-4a3b-b587-87440ab29186,combed.barcelona,available,38.98,38.98,medium,low,6,namecheap,,,12/08/2026 18:33
d3c67e78-d112-4c3c-bc37-1ccfed493779,snoek.barcelona,available,38.98,38.98,medium,low,5,namecheap,,,22/09/2026 07:53
38e6f0c3-40e5-49ad-83ff-a3d29848b338,factor.barcelona,available,38.98,,high,low,6,namecheap,,,
530db1cc-5b0b-4da1-9e05-0e4bebfb91f2,task.barcelona,available,39.99,42.99,high,low,4,name.com,,,24/09/2026 03:25
e923dcca-1b50-4d1a-9fd2-0a7ce14781a6,creditors.barcelona,available,38.98,38.98,medium,low,9,namecheap,,,20/09/2026 15:31
4a782beb-af56-4d91-9d70-0866523295cb,chalky.barcelona,available,38.98,38.98,medium,low,6,namecheap,,,11/08/2026 13:39
376edbaf-3b75-43d8-90fc-64b276473a65,nourished.barcelona,available,38.98,38.98,high,low,9,namecheap,,,03/09/2026 22:12
44810f03-3707-419e-98d6-076761e632d3,eared.barcelona,available,38.98,38.98,medium,low,5,namecheap,,,14/08/2026 14:39
24e5f83d-a10e-471a-89fd-700905b37824,slivery.barcelona,available,38.98,38.98,medium,low,7,namecheap,,,10/09/2026 11:13
2d67e5e4-1839-49eb-9304-94513db96121,heroically.barcelona,available,38.98,38.98,high,low,10,namecheap,,,15/09/2026 00:39
62cf8bd5-4041-40b5-ae2b-35eb5a1c584c,abuser.barcelona,available,38.98,38.98,medium,low,6,namecheap,,,16/09/2026 19:17
0f2fc255-36e0-4359-940a-a68506e9aa60,armored.barcelona,available,38.98,38.98,high,low,7,namecheap,,,22/09/2026 08:00
88f2bf2b-f069-4efe-b5c4-e0a858aadec8,occitan.barcelona,available,38.98,38.98,high,low,7,namecheap,,,09/09/2026 04:30
2afd75bf-444a-43b4-bf63-6b70ebd4ac9a,guffaw.barcelona,available,38.98,38.98,high,low,6,namecheap,,,23/09/2026 06:41
bd603b54-df6f-44b9-9bf1-211b90c344b7,ignored.barcelona,available,38.98,38.98,medium,low,7,namecheap,,,21/08/2026 18:34
6eaf1566-cbf5-4c68-80ba-e4f76dc5f17f,primly.barcelona,available,38.98,38.98,medium,low,6,namecheap,,,15/09/2026 21:26
c166ea97-a703-4767-af9e-09d464e4e9f1,usaf.barcelona,available,38.98,38.98,high,low,4,namecheap,,,25/09/2026 10:56
e48ad6f2-437c-417f-bb79-2bac6a3159ba,reach.barcelona,available,38.98,38.98,high,medium,5,namecheap,,,18/09/2026 16:46
c18ac3d5-f1c6-4432-b2e9-df096415135d,bonfire.barcelona,available,38.98,38.98,high,low,7,namecheap,,,21/09/2026 21:51
ae3e8089-3437-4bbb-9b57-2935dd5c5377,benzyl.barcelona,available,38.98,38.98,high,low,6,namecheap,,,23/09/2026 09:03
877abe4f-26a2-4a3f-baf1-97bf24fe6862,immobile.barcelona,available,38.98,38.98,medium,low,8,namecheap,,,21/08/2026 21:05
8bda3676-eaef-4be6-a619-f811585ee385,sneezes.barcelona,available,39.99,42.99,medium,low,7,name.com,,,20/09/2026 09:46
eaabda51-0e4c-41a5-9d84-15adeddb96f0,begins.barcelona,available,38.98,38.98,medium,low,6,namecheap,,,25/09/2026 20:45
def7630c-a895-4151-88a0-693481d092b2,argentic.barcelona,available,38.98,38.98,medium,low,8,namecheap,,,06/08/2026 18:06
fb940135-dbba-4dce-9e75-355bdaab9c0f,prose.barcelona,available,38.98,,high,low,5,namecheap,,,
1124cc31-cb1d-4ed8-94bd-97fe12d58a76,extramural.barcelona,available,38.98,38.98,medium,low,10,namecheap,,,17/08/2026 19:18
510923a8-7a0a-49de-bbd9-9e253a10d738,avicenna.barcelona,available,38.98,38.98,high,low,8,namecheap,,,16/09/2026 18:41
194518b9-028d-4363-aef6-bd0accc067c7,cheek.barcelona,available,38.98,38.98,high,low,5,namecheap,,,24/09/2026 11:22
80017769-e53a-45d6-a19e-0be494afb434,colly.barcelona,available,38.98,38.98,medium,low,5,namecheap,,,14/08/2026 09:17
861d03d5-7bbd-4e6a-bc44-364b40a889d4,monotone.barcelona,available,38.98,38.98,high,low,8,namecheap,,,25/08/2026 05:25
748d23eb-9ee7-476c-9985-1c41ba86f7aa,acerbic.barcelona,available,38.98,38.98,medium,low,7,namecheap,,,
3dbd28dc-1ae0-4998-b3a8-6d6c3d057a05,copyright.barcelona,available,38.98,38.98,high,low,9,namecheap,,,24/09/2026 18:10
d0b52b35-d239-4aff-9ac6-380bb92473c9,aku.barcelona,available,38.98,38.98,high,low,3,namecheap,,,18/09/2026 00:16
b7ff60e0-b8f5-4230-ab08-ea4896c04241,bankruptcy.barcelona,available,38.98,38.98,high,low,10,namecheap,,,22/09/2026 02:50
755e3067-1022-409b-8af4-12dce41554c6,masted.barcelona,available,38.98,38.98,medium,low,6,namecheap,,,24/08/2026 16:45
918b847a-e7ef-4ef5-8e2d-05400166712a,kidney.barcelona,available,38.98,,high,low,6,namecheap,,,
ae523489-9db7-40bb-946a-862ef7c91809,wesley.barcelona,available,38.98,38.98,high,low,6,namecheap,,,25/09/2026 22:12
6e0853a4-2dd2-4bcc-9650-910864ff6197,farmer.barcelona,available,38.98,38.98,high,low,6,namecheap,,,08/09/2026 06:02
35bcec53-324e-4ed9-9347-fedde28a8a79,jupiter.barcelona,available,38.98,,high,low,7,namecheap,,,
5ec0982c-d082-48c9-bf36-4709866cf46c,yoruba.barcelona,available,38.98,38.98,high,low,6,namecheap,,,18/09/2026 00:15
62780974-f079-46af-9ad9-4d96b7741710,plosive.barcelona,available,38.98,38.98,medium,low,7,namecheap,,,04/09/2026 00:16
ee19de8d-6349-409d-a13a-6703570b0f73,rife.barcelona,available,38.98,38.98,medium,low,4,namecheap,,,04/09/2026 20:07
5f62be6d-c3ef-40f6-b1b5-9e2410160b98,stannic.barcelona,available,38.98,38.98,low,low,7,namecheap,,,10/09/2026 18:41
162fd6ed-4a6c-474e-91e9-c1f168424caf,eliot.barcelona,available,38.98,38.98,high,low,5,namecheap,,,25/09/2026 05:27
397131f2-420f-4b59-a68f-daf78870e3a7,semipublic.barcelona,available,38.98,38.98,medium,low,10,namecheap,,,10/09/2026 03:17
8685b796-c352-4206-b9c5-accaf2c5bc37,loyal.barcelona,available,38.98,38.98,high,low,5,namecheap,,,25/09/2026 15:30
6cf6a572-fe23-423f-8d03-755bb2b1a330,bosnian.barcelona,available,38.98,38.98,high,low,7,namecheap,,,10/08/2026 20:21
d5c99a30-44de-42bd-8608-97cf0c8342db,able.barcelona,available,38.98,38.98,high,low,4,namecheap,,,21/09/2026 13:57
05d4948b-9efb-4970-8578-e8650b58791e,soleless.barcelona,available,38.98,38.98,low,low,8,namecheap,,,10/09/2026 13:37
0e92b78d-5099-46fd-8135-403605e2fba0,steadily.barcelona,available,38.98,38.98,medium,low,8,namecheap,,,10/09/2026 19:32
45aa08e3-2a31-4694-8155-29661fc5a159,blackball.barcelona,available,38.98,38.98,medium,low,9,namecheap,,,03/09/2026 15:03
f66f0dd2-6941-4bc6-b069-b624ac22dc15,guards.barcelona,available,38.98,,high,low,6,namecheap,,,
5c02b255-e3bb-4e98-abe6-7d3d2462c06f,conscience.barcelona,available,38.98,,high,low,10,namecheap,,,
90117c98-7dcd-46c2-9c15-1351bd66b3a5,knockout.barcelona,available,38.98,38.98,high,low,8,namecheap,,,22/08/2026 16:37
d00b470e-bfcc-42c2-b3cb-6176748dd786,chocolates.barcelona,available,38.98,38.98,high,low,10,namecheap,,,20/09/2026 08:51
bd90b53c-045a-4e1f-a759-c2aee5bd377e,ampere.barcelona,available,38.98,38.98,high,low,6,namecheap,,,18/09/2026 23:06
e2a828cf-0420-429e-be2c-9ed70860d572,ascensive.barcelona,available,38.98,38.98,medium,low,9,namecheap,,,07/08/2026 00:45
d8487025-aca4-4d6e-be07-7c6b02e51640,range.barcelona,available,38.98,,high,low,5,namecheap,,,
3f1d74ab-4a63-4598-a856-3d8ccc97b959,raw.barcelona,available,38.98,38.98,high,low,3,namecheap,,,08/08/2026 18:20
b3d30a11-2bf0-4612-bad4-ea17dcb32243,adar.barcelona,available,38.98,38.98,medium,low,4,namecheap,,,17/09/2026 06:32
82eddc42-2e1d-4c90-bca1-97061c6c2ec9,panoptic.barcelona,available,38.98,38.98,medium,low,8,namecheap,,,
2a64b0de-9f81-4eaa-96bb-97a42a627e01,structures.barcelona,available,38.98,,medium,low,10,namecheap,,,
31865319-7398-4f80-9299-09f7e7f79788,glaucous.barcelona,available,38.98,38.98,medium,low,8,namecheap,,,20/08/2026 14:16
dbe3b326-637f-4783-b745-189cc1d67e60,upstate.barcelona,available,38.98,38.98,high,low,7,namecheap,,,16/09/2026 10:25
ffdd7c63-131f-4a6a-89ad-67c20416de0e,seafaring.barcelona,available,38.98,38.98,medium,low,9,namecheap,,,04/09/2026 00:22
f4535545-f109-416a-970c-904fb4f19c1a,regret.barcelona,available,38.98,,high,low,6,namecheap,,,
de8667de-8c3b-4d96-8237-b02f1ae414da,greenish.barcelona,available,39.99,42.99,medium,low,8,name.com,,,13/08/2026 18:01
213ffc3d-9a60-4f6f-bfad-ea5f9ffcb437,cervine.barcelona,available,38.98,38.98,medium,low,7,namecheap,,,12/08/2026 01:00
6b0d41cc-dae8-4ba6-9fed-fa8aed839d74,shriek.barcelona,available,38.98,38.98,high,low,6,namecheap,,,09/09/2026 23:53
a2d0c628-d57e-46da-8d86-f7e44849e3a1,dextral.barcelona,available,38.98,38.98,medium,low,7,namecheap,,,14/08/2026 05:28
de2cbf6f-7c60-4e82-bb59-d2bffbfbe366,bitumen.barcelona,available,38.98,38.98,medium,low,7,namecheap,,,23/09/2026 23:13
573f0e46-fa03-41e1-a41a-b81eec61f7a1,fierce.barcelona,available,38.98,38.98,high,low,6,namecheap,,,23/09/2026 01:48
a450263f-75c3-418e-bb97-faf85e79dd88,disrepair.barcelona,available,38.98,38.98,high,low,9,namecheap,,,24/09/2026 23:02
ea9b0ef7-3396-4999-bd80-4f9ceb147b61,pepsi.barcelona,available,38.98,,high,low,5,namecheap,,,
6c7e8205-fe90-4321-b04f-c5d4dbc8fdb2,amhara.barcelona,available,38.98,38.98,high,low,6,namecheap,,,18/09/2026 21:12
7c04dc1b-a0ab-4fe8-9810-1ac6cb699dfe,luteal.barcelona,available,38.98,38.98,medium,low,6,namecheap,,,24/08/2026 12:07
67e3a0af-513c-4a0b-8eb1-6ca51b84014a,coarse.barcelona,available,38.98,38.98,medium,low,6,namecheap,,,12/08/2026 13:56
7e1bb04e-f90a-4821-a980-38bd940c572c,hittite.barcelona,available,38.98,38.98,medium,low,7,namecheap,,,21/08/2026 10:00
f1482e32-fe9b-4aaf-9b5c-c225e6a600c2,fearsome.barcelona,available,38.98,38.98,medium,low,8,namecheap,,,14/08/2026 08:55
af73982c-56d3-439d-b121-4d2df55341b1,saleable.barcelona,available,38.98,38.98,high,medium,8,namecheap,,,09/09/2026 20:51
0879c9af-c545-47c0-9de1-722277dec7a4,mean.barcelona,available,38.98,38.98,high,low,4,namecheap,,,22/09/2026 18:47
834223ba-f0df-49fe-b03d-b548d1d921bb,actionable.barcelona,available,38.98,38.98,high,low,10,namecheap,,,21/09/2026 16:28
3e0c2bca-e548-45af-b2b9-510623cb788e,skewed.barcelona,available,38.98,38.98,medium,low,6,namecheap,,,10/09/2026 09:28
03f6979b-94de-485a-9a7b-075e5ba19ce4,nippy.barcelona,available,38.98,38.98,high,low,5,namecheap,,,03/09/2026 17:42
601bcf79-d33c-4ac7-9e3e-c9d7a25a6caa,closing.barcelona,available,38.98,38.98,high,low,7,namecheap,,,08/09/2026 06:59
6d8dbd8c-31ea-4db1-8fa9-1e9ac34b0a07,titled.barcelona,available,38.98,38.98,high,low,6,namecheap,,,13/08/2026 01:50
b9acd1c3-e4c6-47eb-9750-95520ce53d7b,changes.barcelona,available,38.98,,medium,low,7,namecheap,,,
e0f58e71-4241-483a-9e14-38b9b252afbd,earhart.barcelona,available,38.98,38.98,medium,low,7,namecheap,,,18/09/2026 18:17
1374dcf9-50e5-48c3-aee0-b0efedee945b,corps.barcelona,available,38.98,,high,low,5,namecheap,,,
05f7eb36-ac17-419b-9f51-8e17c1317501,address.barcelona,available,38.98,38.98,high,low,7,namecheap,,,24/09/2026 02:37
1d6a1a1e-9d1e-4b86-ad52-f86b57de8f25,miranda.barcelona,available,38.98,38.98,high,low,7,namecheap,,,25/09/2026 12:16
f666e64d-24ca-423c-82a2-ad9e381011d3,kurrat.barcelona,available,38.98,38.98,medium,low,6,namecheap,,,18/09/2026 11:14
9b1c0df6-c0b4-4551-9f77-457d3a7d17f3,voluminous.barcelona,available,38.98,38.98,high,low,10,namecheap,,,13/08/2026 00:30
24294c59-9ae2-40ef-a6d8-bcce45476fd3,aegina.barcelona,available,38.98,38.98,medium,low,6,namecheap,,,17/09/2026 12:15
a7177643-8fa0-4240-9930-0525196a92aa,steamed.barcelona,available,38.98,38.98,high,low,7,namecheap,,,
a0b4e310-624a-4920-b721-a9ce0e343d0f,beery.barcelona,available,38.98,38.98,medium,low,5,namecheap,,,09/08/2026 08:12
cfdb3055-0ca8-4b20-8580-ad275a3f746e,affine.barcelona,available,38.98,38.98,high,low,6,namecheap,,,
65b33507-4809-47ab-b9cd-bd1cad9c0896,francis.barcelona,available,38.98,38.98,high,low,7,namecheap,,,25/09/2026 13:36
7377193a-8da8-47f7-9338-2a08355d080f,surreal.barcelona,available,38.98,38.98,high,low,7,namecheap,,,14/08/2026 18:46
bf2c1c89-00d4-48f3-afa2-19e096ffff74,willful.barcelona,available,38.98,38.98,medium,low,7,namecheap,,,18/08/2026 16:37
306b0686-ecd8-495c-be7f-36c55ae8eea2,leukemia.barcelona,available,38.98,38.98,high,low,8,namecheap,,,24/09/2026 11:59
e6b786b9-ec78-4ead-8f5f-74933bb6b208,performing.barcelona,available,38.98,38.98,high,low,10,namecheap,,,
c95e2ee9-9c1b-45ba-8fc4-aac9dce0a44a,pent.barcelona,available,38.98,38.98,medium,low,4,namecheap,,,08/09/2026 14:42
0c568dff-e8a1-450d-a073-59633572e4fb,chorale.barcelona,available,38.98,38.98,high,low,7,namecheap,,,12/08/2026 07:04
14cdc8b0-8ad1-4710-adcf-089da441cfa3,yokel.barcelona,available,38.98,38.98,medium,low,5,namecheap,,,21/08/2026 08:01
04ae66e9-854a-4e40-94ec-40e97fedfbc3,epileptic.barcelona,available,38.98,38.98,high,low,9,namecheap,,,17/08/2026 10:58
a6180a12-569a-4ba8-963f-9ad62224e807,hausen.barcelona,available,38.98,38.98,high,low,6,namecheap,,,17/09/2026 01:50
becf1815-1fe7-44c3-9477-a8bd11a96304,amide.barcelona,available,38.98,38.98,high,low,5,namecheap,,,18/09/2026 21:35
e87cfe34-a3b4-4550-9cb0-0eef2bab1451,degrading.barcelona,available,39.99,42.99,medium,low,9,name.com,,,13/08/2026 20:10
64b6e06a-2028-4a7d-bb55-245e1bab6e52,overhead.barcelona,available,38.98,38.98,high,low,8,namecheap,,,26/09/2026 03:30
56156a18-2e67-4c9f-9485-f481dd43087f,tectonics.barcelona,available,38.98,38.98,medium,low,9,namecheap,,,20/09/2026 02:14
ac1b4c5b-2231-4365-b17a-8093cf3eb40a,sedentary.barcelona,available,38.98,38.98,medium,low,9,namecheap,,,10/09/2026 01:36
c141416e-174a-456e-8383-0b029fc5bd8b,nisi.barcelona,available,38.98,38.98,medium,low,4,namecheap,,,03/09/2026 17:44
0c502462-c884-44bd-b805-ed54a75d8e2a,showered.barcelona,available,38.98,38.98,medium,low,8,namecheap,,,20/09/2026 16:51
328e7c92-c62d-47e1-a719-80255d7a9f48,arco.barcelona,available,38.98,38.98,high,low,4,namecheap,,,06/08/2026 16:02
46732bcf-1252-469e-83b5-926b96ce0a0b,nilpotent.barcelona,available,38.98,38.98,medium,low,9,namecheap,,,03/09/2026 17:28
e8e1df46-b7f6-4431-aa2f-3b3a672ed237,assuring.barcelona,available,38.98,38.98,medium,low,8,namecheap,,,07/08/2026 08:31
85004d8d-a594-464f-8921-d51f0c2f3c6b,anoxia.barcelona,available,38.98,38.98,medium,low,6,namecheap,,,19/09/2026 11:58
3f343c8c-f744-4405-9d18-e464ebb2b63b,focussed.barcelona,available,38.98,38.98,high,low,8,namecheap,,,18/08/2026 09:47
729f9d40-957f-47d9-8ac3-734d46a9353a,trophy.barcelona,available,38.98,,high,low,6,namecheap,,,
11abef6a-8e7b-4346-8db2-d375b6821b90,planning.barcelona,available,38.98,,high,low,8,namecheap,,,
8bf9d886-aa05-4af3-a336-8acc9ad531d8,warm.barcelona,available,38.98,38.98,high,low,4,namecheap,,,21/09/2026 21:51
fc19590b-dbe4-43ff-b1ed-19121cf7c812,roofless.barcelona,available,38.98,38.98,medium,low,8,namecheap,,,14/08/2026 12:09
46ec19b0-5f01-4db5-977b-dce9fab28209,blether.barcelona,available,38.98,38.98,medium,low,7,namecheap,,,24/09/2026 04:49
0a786973-a665-4504-8de5-d1352b929891,underneath.barcelona,available,38.98,38.98,high,low,10,namecheap,,,16/09/2026 09:57
bf90cb7c-d6ca-442e-8884-f08cef526344,modernity.barcelona,available,38.98,38.98,high,low,9,namecheap,,,24/09/2026 17:40
3d8fce51-fccc-4f5c-9666-6ac56c0dc7be,respectively.barcelona,available,38.98,,medium,low,12,namecheap,,,
fedab745-63d1-450f-b0c9-65940a7e8e6c,wrapped.barcelona,available,38.98,38.98,high,low,7,namecheap,,,
4b510b38-4fb7-4d84-887c-2ec6d5ebeca7,wasnt.barcelona,available,38.98,,low,low,5,namecheap,,,
2b0c1306-a3b4-4de8-aa3d-d9245536dab7,roosevelt.barcelona,available,38.98,38.98,high,low,9,namecheap,,,19/09/2026 09:58
8b86b5ef-92c5-4393-bc9d-dfb67d7f134c,reception.barcelona,available,38.98,,high,low,9,namecheap,,,
79b51b17-ed76-4db4-be33-af4cbeb00ea1,shame.barcelona,available,38.98,,high,low,5,namecheap,,,
1228c556-acdc-45e0-ac82-65e158ecc691,paperlike.barcelona,available,38.98,38.98,low,low,9,namecheap,,,12/08/2026 02:45
e67388a9-591c-4f72-8445-957ae7d433cd,scrap.barcelona,available,38.98,38.98,high,low,5,namecheap,,,18/08/2026 03:49
5c3af3d0-6c58-4857-b9bd-fb186bee8585,riddled.barcelona,available,38.98,38.98,medium,low,7,namecheap,,,09/09/2026 17:19
5fde982d-5c83-4cd5-8dbb-6b22192df8c0,sneeze.barcelona,available,38.98,,high,low,6,namecheap,,,
b4d25d16-d724-481e-8c6f-373616cf33b2,barbecued.barcelona,available,38.98,38.98,medium,low,9,namecheap,,,08/08/2026 16:25
2f49cdf0-bef9-4295-8615-50539486463b,corporate.barcelona,available,38.98,38.98,high,low,9,namecheap,,,23/09/2026 06:11
6ba2eb53-eddb-4611-85b6-6bdd33cb9ca6,bicyclist.barcelona,available,38.98,38.98,high,low,9,namecheap,,,23/09/2026 13:22
ae49062c-97ea-4fe4-ba5f-8d888cf59caa,surly.barcelona,available,38.98,38.98,medium,low,5,namecheap,,,11/09/2026 04:06
e36e44de-b0fc-4559-90f2-4f6483efce1c,bandy.barcelona,available,38.98,38.98,medium,low,5,namecheap,,,08/08/2026 11:45
6b3aa85d-6b09-48a6-9a33-3faa657d06f0,pupal.barcelona,available,38.98,38.98,high,medium,5,namecheap,,,09/09/2026 06:07
f1948646-c648-4dbb-ac7f-486498f6f283,coming.barcelona,available,38.98,38.98,high,low,6,namecheap,,,23/09/2026 15:31
14dc3c06-c78f-4628-b1ff-f0093076c471,bilateral.barcelona,available,38.98,38.98,high,low,9,namecheap,,,09/08/2026 21:14
37c1299a-d394-4386-98d6-9857ccd71d7e,significant.barcelona,available,38.98,,high,low,11,namecheap,,,
ebfefb6a-b1f6-428a-8e1c-d5eaae11e4c6,saliferous.barcelona,available,38.98,38.98,high,medium,10,namecheap,,,09/09/2026 20:52
1f4c4be5-6845-4968-9243-43166dcc8e36,northeast.barcelona,available,38.98,38.98,high,low,9,namecheap,,,03/09/2026 21:31
fd2828f1-0716-4701-89cd-41e654f73d80,boxy.barcelona,available,38.98,38.98,medium,low,4,namecheap,,,10/08/2026 23:58
85d0e56d-2a20-4ecf-88fc-f39d0f591c65,bailiwick.barcelona,available,38.98,38.98,medium,low,9,namecheap,,,21/09/2026 19:08
6d3a1c98-7d93-4d9d-ab51-ba1a1ab84ea8,heavy.barcelona,available,38.98,38.98,high,low,5,namecheap,,,22/09/2026 07:40
64d6ec44-e568-4a69-bad8-084f06c2b986,clack.barcelona,available,38.98,38.98,medium,low,5,namecheap,,,23/09/2026 23:30
013dcbc5-41d5-4c24-92b0-3f7e4c74b3bb,unitary.barcelona,available,38.98,38.98,high,low,7,namecheap,,,12/09/2026 13:58
72dc6780-684c-418c-9201-2630e58447af,poem.barcelona,available,38.98,38.98,high,low,4,namecheap,,,25/09/2026 09:59
9b1a28cc-61f2-4ff3-a51c-5aae7732701a,untitled.barcelona,available,38.98,38.98,high,low,8,namecheap,,,12/09/2026 11:12
b4233223-4a45-408b-9cef-1d268b7a7daa,clout.barcelona,available,38.98,38.98,high,low,5,namecheap,,,23/09/2026 13:48
af4065e2-3922-4f9a-a146-b5b0f7928df1,victories.barcelona,available,38.98,38.98,medium,low,9,namecheap,,,18/09/2026 09:23
f3d0cb11-de4d-4f06-bdc6-0ad9c924f0a8,annealing.barcelona,available,38.98,38.98,high,low,9,namecheap,,,11/09/2026 10:58
67fb38f8-c01f-4268-86fb-77e31a1b807a,cotton.barcelona,available,38.98,,high,low,6,namecheap,,,
17312dc3-15df-454f-bb9f-1587a772abda,marshall.barcelona,available,38.98,38.98,high,low,8,namecheap,,,25/09/2026 05:06
f25d9e0c-2c16-4c58-9735-ce72802f63ec,alcides.barcelona,available,39.99,42.99,medium,low,7,name.com,,,18/09/2026 04:05
533f0a27-f9a1-4ed8-a114-8a5602457ab5,blighted.barcelona,available,38.98,38.98,medium,low,8,namecheap,,,10/08/2026 14:17
111e073a-b6a7-4e2b-8d64-85f17b210986,spicate.barcelona,available,38.98,38.98,high,medium,7,namecheap,,,10/09/2026 15:34
267ca39c-7b51-47b9-9f8f-6e37da0028a7,subway.barcelona,available,39.99,42.99,high,low,6,name.com,,,25/09/2026 23:41
e88f80f6-0e19-48d3-84ff-b84cb69daba8,barclay.barcelona,available,38.98,38.98,high,low,7,namecheap,,,27/09/2026 03:05
1590eadf-ffc2-404f-932e-b3c7345d1d01,anhydrous.barcelona,available,38.98,38.98,medium,low,9,namecheap,,,
2dee25de-a9e2-4170-ac66-0b011ded62c0,insurance.barcelona,available,38.98,,high,medium,9,namecheap,,,
c9cc5330-2db9-44c2-bd47-353db970ddbb,redemptory.barcelona,available,38.98,38.98,high,medium,10,namecheap,,,09/09/2026 12:20
ffa76fcb-3f7e-40c7-8160-aea551705ec2,get.barcelona,available,38.98,38.98,high,high,3,namecheap,,,25/09/2026 17:18
84d6a1d6-693f-4f12-b094-060878df1499,echoes.barcelona,available,38.98,38.98,high,low,6,namecheap,,,19/09/2026 20:18
ab1c9189-925f-4f0b-b07b-a850a3b8bb13,dogmatism.barcelona,available,38.98,38.98,medium,low,9,namecheap,,,23/09/2026 15:23
1e7032b2-e527-4f3b-9133-ee2f786202be,pompon.barcelona,available,38.98,38.98,medium,low,6,namecheap,,,19/09/2026 09:36
30c0adb7-4bd6-4f78-960a-46fad0e5d301,come.barcelona,available,38.98,,high,low,4,namecheap,,,
fae7b078-9df9-4027-ae84-ed6c5a86f96c,creature.barcelona,available,38.98,38.98,high,low,8,namecheap,,,22/09/2026 04:42
4b1a9cf9-f5c4-440c-89d5-d2e65507faec,gainful.barcelona,available,38.98,38.98,high,low,7,namecheap,,,18/08/2026 19:30
d58c577f-f11e-4f79-8717-3512f50c4ccd,estates.barcelona,available,38.98,38.98,medium,low,7,namecheap,,,18/09/2026 06:36
e0ed75b8-6ca4-4eef-b1a9-814ff592a1d8,quaint.barcelona,available,38.98,38.98,high,low,6,namecheap,,,04/09/2026 01:55
a6bd060a-b37c-4324-aad8-5efe5520e30a,tonsorial.barcelona,available,38.98,38.98,medium,low,9,namecheap,,,11/09/2026 17:12
f756ecae-a169-459c-bbd1-5997589fcc7b,batis.barcelona,available,38.98,38.98,medium,low,5,namecheap,,,22/09/2026 14:03
82c3c0ba-a6a3-4e0f-ab7f-52d6bb668f8b,fucksome.barcelona,available,38.98,,low,low,8,namecheap,,,
5d9ac2c0-d6d6-4b34-803d-1a088d9c74a5,overfull.barcelona,available,38.98,38.98,medium,low,8,namecheap,,,20/08/2026 15:31
3231849d-e173-43c8-913a-1329649e3e63,prostitute.barcelona,available,39.99,42.99,high,low,10,name.com,,,13/08/2026 14:11